Soc Code,URL,Simple Title
33-3052.00,https://altpath.org/discover/e8s90ju1t4za1pjelk3nic2a,Transit Police
15-1299.00,https://altpath.org/discover/bxapek47t2oayvy1xrxm8sm0,Computer Occupation
31-9011.00,https://altpath.org/discover/ij3smswq0bzjniptc5s6y2z2,Massage Therapist
25-9049.00,https://altpath.org/discover/agpxm98wd7hrucko68malhpd,Teaching Assistants
49-9043.00,https://altpath.org/discover/rt7v4mkrsvhx1jy9c8p82vhs,Machinery Maintenance Worker
15-1221.00,https://altpath.org/discover/i3oz4o2iw12ucb1yte8g5mpj,Computer Science Researcher
19-5012.00,https://altpath.org/discover/k89w0krbcygphsixxrihh850,Occupational Safety Technician
53-7065.00,https://altpath.org/discover/p7ac9f52exxsoqfpcv77ld4f,Stock Filler
13-2082.00,https://altpath.org/discover/fs9o5kd1bdrxyl3et1c1jumx,Tax Preparer
17-2141.00,https://altpath.org/discover/wvhvnsiud5im9zn8pkdqlxky,Mechanical Engineer
41-9022.00,https://altpath.org/discover/dwu3v0pqolguifvmj89iwn3i,Real Estate Sales Agent
17-3013.00,https://altpath.org/discover/jlk9hr6a88cmfgr5jkvbb8lf,Mechanical Drafter
15-1255.00,https://altpath.org/discover/t5h7hm50gwkxd8dxcz9bouew,Web Designer
53-2022.00,https://altpath.org/discover/cm3zixsd5tynlmeomgupczfx,Airfield Operations Specialist
31-9091.00,https://altpath.org/discover/b5gh0030om6z7grmqdex9sqy,Dental Assistant
17-3011.00,https://altpath.org/discover/kwakm1xt39ecfxd7hmmlu9ss,Architectural Drafter
27-4031.00,https://altpath.org/discover/qs9sqcndtcjqqtgv6qxztwkp,Video & Film Camera Operator
27-4011.00,https://altpath.org/discover/qfa1xpud38ncjbomhwgaec7j,Audio and Video Technician
29-2072.00,https://altpath.org/discover/ru6dvuuip0pzgv0w3sggpjho,Medical Records Specialist
35-2013.00,https://altpath.org/discover/h72n5ksj196dk660ymwby3am,Private Cook
49-2022.00,https://altpath.org/discover/e6wgzqfl5wd7cuhr34ubbsz7,Telecomm Equipment Installer
43-4061.00,https://altpath.org/discover/hkf6gycl8r9uknsat2pe4ktg,Government Interviewer
27-1014.00,https://altpath.org/discover/zv95o4u3m0wsb5d1y6u3q8rs,Special Effects Artist
17-2171.00,https://altpath.org/discover/fr2fuikjbfhc3uy847yweg23,Petroleum Engineer
29-1221.00,https://altpath.org/discover/r3v0f7olarlh7orzxymlmcet,Pediatrician
13-1032.00,https://altpath.org/discover/g767vjtt1xdunsvmaomzesd2,Auto Insurance Appraiser
49-2097.00,https://altpath.org/discover/kq41bvt5728rie5sneb7nilc,Audiovisual Equipment Installer
51-8021.00,https://altpath.org/discover/dh5pxtyk8jgafrbw6z5ouhpl,Stationary Engineer
39-4011.00,https://altpath.org/discover/wnl9hdp7ge9vou6o99h71zfq,Embalmer
25-2011.00,https://altpath.org/discover/agtsdp88dyxu5q5cr71l0bzx,Preschool Teacher
29-1071.00,https://altpath.org/discover/v7omcx7pwbllyh89eevk9kt3,Physician Assistant
29-2081.00,https://altpath.org/discover/ehz42y8sqrkk16ucc7tl0j1s,Optician
19-4071.00,https://altpath.org/discover/cui59w2ys5ykxrjx9whikn7w,Forest Technician
27-4014.00,https://altpath.org/discover/ypjmpn80q7gw7sliyb2b2haa,Sound Engineering Technician
29-1161.00,https://altpath.org/discover/pve280tesbqkxfa9qysqpmri,Nurse Midwife
27-2099.00,https://altpath.org/discover/glv1fcccvr8ps2fpsggqzk40,Entertainers & Performers
13-2051.00,https://altpath.org/discover/yk9i6zmb9w9b7l8bhki5aveq,Financial Analyst
11-3021.00,https://altpath.org/discover/fg45pkmf9dydw8j0r7426rqc,Information Systems Manager
49-9099.00,https://altpath.org/discover/knpaz2sno83v4vy5ct9qrpmt,Installation and Maintenance Workers
39-7012.00,https://altpath.org/discover/hvzattuyw644xuxyw402us1u,Travel Guide
49-9051.00,https://altpath.org/discover/vyv9j6oyw3wlsmab8mzos01w,Electrical Power-Line Installer
47-2231.00,https://altpath.org/discover/qytfobzs8zxaxa4mcu8af4ew,Solar Photovoltaic Installer
15-1242.00,https://altpath.org/discover/ogs87bliy39tmgb8wvtx19ng,Database Administrator
11-9013.00,https://altpath.org/discover/eqysqcxsw7dfdm9h699yir5x,Farmer or Rancher
33-1012.00,https://altpath.org/discover/omdb70wug2zwloz45dg4q9as,Police Supervisor
19-4012.00,https://altpath.org/discover/uo447zgtkbfswikoiqt3l8cc,Agricultural Technician
51-9082.00,https://altpath.org/discover/snlr4kma5yhza2wgwtt8g2lt,Medical Appliance Technician
17-2031.00,https://altpath.org/discover/usne7sk6zb02l7ij13qm9f6p,Bioengineer
27-1026.00,https://altpath.org/discover/l249daalbx1wbr0ao73dmshx,Merchandise Displayer
39-6012.00,https://altpath.org/discover/ubfy8wtuy8qugvbp283b4fib,Concierge
29-1081.00,https://altpath.org/discover/u3is1ck4ff0cu8zip33su1e5,Podiatrist
49-2011.00,https://altpath.org/discover/ox4aab8b07d8zm0hsjx7srka,Office Machine Repairer
51-4061.00,https://altpath.org/discover/vbkgpd56kjjhy7arc3f7dyki,Metal & Plastic Model Maker
25-2021.00,https://altpath.org/discover/ncrdqezol1wv7crau3ochiwx,Elementary School Teacher
25-2031.00,https://altpath.org/discover/nelosi3kdaaevtfyb6w299q1,Secondary School Teacher
17-1022.00,https://altpath.org/discover/tt60rvo0arakvn9tadyjsdmn,Surveyor
21-1092.00,https://altpath.org/discover/bmqhs2dhe5n61h8s7sucrm89,Probation Officer
31-2012.00,https://altpath.org/discover/e6u69ognqw3tn7iktagxo3mj,Occupational Therapy Aide
19-4092.00,https://altpath.org/discover/u06evvz28eporsxy0zxfim4q,Forensic Science Technician
51-9161.00,https://altpath.org/discover/dzkqezgo0dtkv0ct8rkn6r08,Computer-controlled Tool Operator
39-3021.00,https://altpath.org/discover/xn7redutb5pqrjnwhahsgcb6,Motion Picture Projectionist
27-3042.00,https://altpath.org/discover/nvc3dc7bpoh7zyuo8qk6pa1f,Technical Writer
13-2031.00,https://altpath.org/discover/j3gwibmy8p5ze7pfiptja4sl,Budget Analyst
17-2021.00,https://altpath.org/discover/vewgromfdenf9jipp2ezu5ln,Agricultural Engineer
51-8091.00,https://altpath.org/discover/cg1sq7qabcqcvswk3cp4551n,Chemical Plant Operator
19-1012.00,https://altpath.org/discover/wbfqnla41p1bkyjnf5u64wio,Food Scientist
29-1125.00,https://altpath.org/discover/utlz6uuivhlnych91mfyt6lq,Recreational Therapist
29-1224.00,https://altpath.org/discover/r81gjx3atv3xi331i3mba6as,Radiologist
51-4062.00,https://altpath.org/discover/ye4724qpuzxrc1xndch9ekfn,Metal & Plastic Patternmaker
53-2031.00,https://altpath.org/discover/tdq9ud4l11gcuv46u98szk24,Flight Attendant
41-4012.00,https://altpath.org/discover/zimtu46mv8fs6yngo3z1fln7,Manufacturing Sales Representative
47-2073.00,https://altpath.org/discover/ko79s9ix53w9rxk0zli8v9d5,Construction Equipment Operator
49-2096.00,https://altpath.org/discover/hytksjauflx7ppjsstol4zk7,Auto Electronic Equipment Installer
25-2012.00,https://altpath.org/discover/fkj5lmqxlfxyhdtib37rhtp3,Kindergarten Teacher
29-2032.00,https://altpath.org/discover/aplsy5ypt8h5z28v4vujspsk,Diagnostic Medical Sonographer
13-1151.00,https://altpath.org/discover/xqd743u0q5qdqh11wqe7b8gl,Training Specialist
47-2061.00,https://altpath.org/discover/c7f0wv489nsp1wzkpb73pyk8,Construction Laborer
29-1129.00,https://altpath.org/discover/buuc4lxcro0isyhj64alifok,Therapists
41-3031.00,https://altpath.org/discover/wgo1fqpihk4c53mwekmq1jgw,Financial Services Sales Agent
43-9061.00,https://altpath.org/discover/lzj2ikxxaacvvjhrmmy0hn1i,Office Clerk
33-1021.00,https://altpath.org/discover/wz9e8h8tzhp53dvsxryeuoh9,Firefighter Supervisor
17-2061.00,https://altpath.org/discover/cfpyv0xubgclkc5wzj4df3nv,Computer Hardware Engineer
49-9096.00,https://altpath.org/discover/fn0ogaicdcn70fp7fxg479oc,Rigger
25-2056.00,https://altpath.org/discover/og2o044r9k53rocgq97k480c,Elementary Special Education Teacher
11-3031.00,https://altpath.org/discover/hyoz7yaa7fgwblb8u8gpxplg,Financial Manager
15-1231.00,https://altpath.org/discover/b00eghdtelp0jhenyk4pywpq,Computer Network Specialist
11-9131.00,https://altpath.org/discover/xjt3v6etv5mjmppkpwv449xm,Postmaster
51-8013.00,https://altpath.org/discover/ezezld83b7g2mmlca1o7hutm,Power Plant Operator
47-2211.00,https://altpath.org/discover/aw42o0wbs01fb29gls2sn8b3,Sheet Metal Worker
53-5022.00,https://altpath.org/discover/mhybfypzpmg4naxrl8mkohvm,Motorboat Operator
41-3021.00,https://altpath.org/discover/e9m54pnk03ixp7t4pnc535cz,Insurance Sales Agent
47-4061.00,https://altpath.org/discover/klyezo5r4te9bcpgtab7l2s6,Rail-Track Equipment Operator
49-9052.00,https://altpath.org/discover/vilcoznjmmjz0a1cg9xem0qg,Telecomm Line Installer
19-2011.00,https://altpath.org/discover/cczywfaza5peego6otmk45zs,Astronomer
13-1074.00,https://altpath.org/discover/ex7xm3pnl8n5bbg0tfeeepd9,Farm Labor Contractor
13-2072.00,https://altpath.org/discover/bjhp2tp52adw15ee4s6yxrzx,Loan Officer
21-1021.00,https://altpath.org/discover/h3yf7hpwioz2hx2dqust2sup,School Social Worker
25-1021.00,https://altpath.org/discover/zylbqa08c4fctve67ctmwzdz,Postsecondary Computer Science Teacher
29-1041.00,https://altpath.org/discover/w7dkwj1dvb5w51zsk8wu7cyr,Optometrist
13-1031.00,https://altpath.org/discover/oiox5ur753bo5pa8bac2n33k,Claims Adjuster
19-1042.00,https://altpath.org/discover/p2nwiux0cq5kdxivmtusarq3,Medical Scientist
25-4013.00,https://altpath.org/discover/ypdqcw73g82nspysmxtih8y8,Museum Technician
53-4011.00,https://altpath.org/discover/tsdh5pc84hkdxvymj5yhlwrs,Locomotive Engineer
15-2021.00,https://altpath.org/discover/oq6d6o0ky2iqrcjl7c3wnfjg,Mathematician
49-3092.00,https://altpath.org/discover/hvf8hx15h4ogi34cnxrnkbi4,RV Service Technician
49-9011.00,https://altpath.org/discover/la07npda37zpuehhejx9muig,Mechanical Door Repairer
13-1121.00,https://altpath.org/discover/l44b3tzqs399vx3aj5qyiodv,Event Planner
33-9032.00,https://altpath.org/discover/okjtf8o8777m04yqs6d7ygva,Security Guard
47-2044.00,https://altpath.org/discover/jvbvjsjbbhcszp78su1yhu7z,Tile Setter
11-3012.00,https://altpath.org/discover/ckbj80grkkvynylzjdj63007,Administrative Services Manager
47-2181.00,https://altpath.org/discover/bwcdenrjbh5m3hj0t5zdmg7v,Roofer
19-4021.00,https://altpath.org/discover/viuqx88pcyub0zz0wcjcssvn,Biological Technician
35-3011.00,https://altpath.org/discover/p0uyihav009togs552h057ro,Bartender
11-2021.00,https://altpath.org/discover/cqoor0etn79j1s6rp9gfzbgx,Marketing Manager
19-1099.00,https://altpath.org/discover/vgeztvslosglvw89t79lghmk,Life Scientist
19-2032.00,https://altpath.org/discover/owkcibz4gi95vzm8mnjrtptm,Materials Scientist
49-9044.00,https://altpath.org/discover/s3iyy6uuypz145thx2k14pf3,Millwright
25-1071.00,https://altpath.org/discover/p2y1plw3z8o7g2ym7m9coo7d,Postsecondary Health Teacher
47-2081.00,https://altpath.org/discover/ezwlb76eh5flcfu15uxl9tvv,Drywall Installer
37-3013.00,https://altpath.org/discover/h6asbw88j1hrsotevrddjg8s,Tree Trimmer
47-4099.00,https://altpath.org/discover/lknerc1w8wl720idp2l5sddi,Construction Worker
13-2071.00,https://altpath.org/discover/l8ghsh1yjo8xdjufytrc5td8,Credit Counselor
17-3025.00,https://altpath.org/discover/jg75e4knap3pdvrfgt9o3bfu,Environmental Engineering Technologist
29-1123.00,https://altpath.org/discover/dygwz9l5xnaazoxkrekfu3tr,Physical Therapist
27-2022.00,https://altpath.org/discover/nljb8kinycmhyxv1p5a9y9jx,Coaches and Scouts
27-3091.00,https://altpath.org/discover/ft4olobh57xahniuyilbidv0,Translator
43-4031.00,https://altpath.org/discover/gjd0jjb7lgtc6dnkybdu0qpt,Court Clerk
43-5011.00,https://altpath.org/discover/c21vlujsbwqi2q88kuc5gglb,Cargo Agent
11-9032.00,https://altpath.org/discover/uzsmro8ccwez9csx1c4bsxoi,Education Administrator
25-1111.00,https://altpath.org/discover/mjtx5vix8mjilxwyvs845x74,Postsecondary Criminal Justice Teacher
51-9141.00,https://altpath.org/discover/t0jjio2vcjc0cheun5h5c7b5,Semiconductor Processing Technician
53-7081.00,https://altpath.org/discover/pzdykmh66h4a7d6570eycgie,Refuse & Recycling Collector
25-1113.00,https://altpath.org/discover/ohnhb7ab70gat2mnjzp343ot,Postsecondary Social Work Teacher
47-2111.00,https://altpath.org/discover/ccf0lbfkjvewzd2zd8b7n19k,Electrician
43-4171.00,https://altpath.org/discover/n75tddc5khnwxwkbk3g5eaz1,Receptionist
53-7121.00,https://altpath.org/discover/kq8f9ifpi75xcm8pw83ube23,Materials Loader
13-1111.00,https://altpath.org/discover/ho1i2km8fn1fvo7ow6lmg43z,Management Analyst
47-5022.00,https://altpath.org/discover/np6wqdjb4f70rsi4o5myr3s7,Excavating Machine Operator
47-4051.00,https://altpath.org/discover/bxzrcmf4ecjtbvh4r0xh9c58,Highway Maintenance Worker
11-9033.00,https://altpath.org/discover/w7dq2j3aizj1spk9jk89zz2a,Postsecondary Education Administrator
53-3054.00,https://altpath.org/discover/e6d3xj5e2czes9rja89suw4f,Taxi Driver
19-2099.00,https://altpath.org/discover/yxsrxih9j9pxhjhq7lzirt4w,Physical Scientist
47-5081.00,https://altpath.org/discover/zq608kshv5eqx9k6qkdzexfh,Helper--Extraction Worker
41-9099.00,https://altpath.org/discover/xzydl0844y4g0qoq61fkmn4v,Sales Specialist
11-9071.00,https://altpath.org/discover/g6j7gw3tlifxf5lumcs9kpiz,Gambling Manager
43-5021.00,https://altpath.org/discover/mrgo8w81uwhwwxzx6zh8ir4s,Couriers and Messenger
53-3053.00,https://altpath.org/discover/wfdmbyr1fzilc31sc1sitb1b,Shuttle Driver
39-9032.00,https://altpath.org/discover/lq89wxx0639fe7qznto4is6r,Recreation Worker
39-5092.00,https://altpath.org/discover/evngtskf4jmdgkdwgr26f9zl,Manicurist
51-9111.00,https://altpath.org/discover/p2ek479ej8umdmvekvh8ycjx,Packaging Machine Operator
51-3092.00,https://altpath.org/discover/q0k84of791szjthkllfelq5q,Food Batchmaker
51-9061.00,https://altpath.org/discover/osjpw4o2557situk9gb6zdoy,Materials Inspector
53-7041.00,https://altpath.org/discover/l8ryf26mbdcthsbzle9kolxc,Hoist and Winch Operator
51-9023.00,https://altpath.org/discover/d8h4ks4ie51mz775j5me8cld,Mixing Machine Operator
33-9092.00,https://altpath.org/discover/zdh4uub7d0ruees2aptqr8dp,Recreational Protective Service Worker
35-3041.00,https://altpath.org/discover/neqh1bwe13l6p04r9iv8dnfk,Nonrestaurant Food Server
49-3091.00,https://altpath.org/discover/l3ivyvfx28tqz314o0usd1am,Bicycle Repairer
53-7061.00,https://altpath.org/discover/ipe76vhgyppb7sdc158mbtzc,Vehicle & Equipment Cleaner
25-1072.00,https://altpath.org/discover/qactul0p84kcxx3fowmgh0ed,Postsecondary Nursing Teacher
29-1243.00,https://altpath.org/discover/rqd8jyj9jbx1hrnb7pbmv4pl,Pediatric Surgeon
51-9124.00,https://altpath.org/discover/ul40oe3bh0favwef344ydq81,Painting Machine Operator
25-1062.00,https://altpath.org/discover/qtohq7eaw5vw2rgbyowcyrf1,Postsecondary Cultural Studies Teacher
43-5041.00,https://altpath.org/discover/mjmffzy9xjakzot5dnpsi97w,Utility Meter Reader
51-9083.00,https://altpath.org/discover/rdq1kmjco7a6wvjhyxauitdv,Ophthalmic Laboratory Technician
49-3022.00,https://altpath.org/discover/lmgabg1ig23rhv1gkfhnc7gf,Auto Glass Repairer
35-9099.00,https://altpath.org/discover/qzsbxaitxr3g70uiec9kk8zw,Food Service Workers
25-1041.00,https://altpath.org/discover/qenfe826qdnyh590ijntuwaz,Postsecondary Agricultural Science Teacher
51-9194.00,https://altpath.org/discover/eotvwx25wwqx52osfxhvdq8v,Etchers and Engraver
51-9192.00,https://altpath.org/discover/xydpq3s6v43t7881crl6vz9x,Metal Cleaning Equipment Operator
19-2043.00,https://altpath.org/discover/lxq9j1i89eibapgwpf876yg0,Hydrologist
51-4081.00,https://altpath.org/discover/hbg3oall8nw4fmh7f7tz8gnl,Metal & Plastic Machine Tool Operator
43-9041.00,https://altpath.org/discover/n42yb4xdsatg04c54psfbfu1,Insurance Claims Clerk
31-1133.00,https://altpath.org/discover/vvvezg0j2e0kcbts7qcddi1a,Psychiatric Aide
39-3031.00,https://altpath.org/discover/tswdg3pjgpuwbzodt6sk5h6j,Lobby Attendant
33-9031.00,https://altpath.org/discover/c0w0xlnr7lyd68r3tpqiu2za,Gambling Investigator
23-1021.00,https://altpath.org/discover/h1ncpdqjhjs5vwte5scb92hu,Administrative Law Judge
25-1123.00,https://altpath.org/discover/sh6l75o4l57degbdmeamh8ro,Postsecondary English Literature Teacher
29-1211.00,https://altpath.org/discover/r95mk67uguiuaccrxnmmd5nj,Anesthesiologist
49-9041.00,https://altpath.org/discover/prwklhp568rlo0lel3wccx2j,Industrial Machinery Mechanic
49-2091.00,https://altpath.org/discover/o8q4e6jk69nh4iz0u1trn28w,Avionics Technician
29-2053.00,https://altpath.org/discover/he5wzry5thw9dstfg2y2msvp,Psychiatric Technician
27-1019.00,https://altpath.org/discover/uuqxnjg5yai7vhdjo3hyskn5,Artists
43-6011.00,https://altpath.org/discover/iqffq7vibi3cbjttkkdgbbgz,Executive Assistant
17-2072.00,https://altpath.org/discover/ltudlzp2ixonseej92ny8fg1,Electronics Engineer
29-2061.00,https://altpath.org/discover/ph8q1us66ofn685t6j8p1ong,Licensed Nurse
35-1011.00,https://altpath.org/discover/dzem6eglh5e7cbgzdsinzu35,Head Chef
19-3011.00,https://altpath.org/discover/ofumrvj2oosdcyrjfmaoqm1i,Economist
51-6093.00,https://altpath.org/discover/jbyaekwhd3jck4mh8eypvdyq,Upholsterer
53-7199.00,https://altpath.org/discover/mk2mf5l4qkxp83xrvlf1re5c,Material Moving Workers
29-2031.00,https://altpath.org/discover/vl96a6ggs3jrllu7vly0c8zs,Cardiovascular Technologist
11-3061.00,https://altpath.org/discover/umd4ocbvxv4vii278ugd9idj,Purchasing Manager
31-2022.00,https://altpath.org/discover/vap5jkf5zlad4lqhj99hhzn6,Physical Therapist Aide
39-3011.00,https://altpath.org/discover/l5qes2pilu75fdtrj9gngvr9,Gambling Dealer
53-6031.00,https://altpath.org/discover/arpx22fh41ww0vjjuve1txnc,Auto & Watercraft Service Attendant
43-9199.00,https://altpath.org/discover/n58ffhdyhojjg18tvnipu3wk,Administrative Workers
51-3021.00,https://altpath.org/discover/unn2mqb6qlj6b7k48c91zpju,Butcher
17-3023.00,https://altpath.org/discover/gmojt72lek03p8xntmbel553,Electrical Engineering Technologist
29-2056.00,https://altpath.org/discover/x85xqlrzvlagx0e3cj86x3rk,Veterinary Technologist
27-3011.00,https://altpath.org/discover/mkapzt76t8uqtbf46c9h112s,Broadcast Announcer
51-2011.00,https://altpath.org/discover/yrrxgowex9l8ysbtrtbuhfsx,Aircraft Assembler
39-3012.00,https://altpath.org/discover/au1s0m3l65ubv7t1bz8k4e32,Gambling Book Writer
41-2012.00,https://altpath.org/discover/tc7rvhxtkmonsg72j63ovgzg,Gambling Booth Cashier
43-3031.00,https://altpath.org/discover/x19keey6ar39hh15rqfw1xxc,Bookkeeper
17-3026.00,https://altpath.org/discover/mxj00qg7ul6rxjusluzdf4gs,Industrial Engineering Technologist
15-1253.00,https://altpath.org/discover/y5xn0txznx03b337etxkc09c,Software QA Analyst
51-9198.00,https://altpath.org/discover/lyf0yff8znd0xi6zgx1n4r8j,Helper--Production Worker
51-4033.00,https://altpath.org/discover/trpkc0dx5at2dhy6c3paxx05,Metal & Plastic Grinding Machine Operator
11-9021.00,https://altpath.org/discover/rrxm5m9cvjpsx34no36cvso2,Construction Manager
43-3071.00,https://altpath.org/discover/e37wb12vilodl1ft9se4bz7m,Teller
47-2053.00,https://altpath.org/discover/tfg190704fwo8drsm4ggdc82,Terrazzo Worker
25-4012.00,https://altpath.org/discover/yr460rrigyqm8id7s1o380tb,Curator
13-1041.00,https://altpath.org/discover/z3z3dsw0laew23x73tjo5cpa,Compliance Officer
51-6042.00,https://altpath.org/discover/grmxll7lubywl0twemad0tou,Shoe Machine Operator
51-7099.00,https://altpath.org/discover/cvjenewh4en52osnbv6nkyzr,Woodworkers
17-2071.00,https://altpath.org/discover/fdmwf6jf6k6zepj8k8m2gso5,Electrical Engineer
39-1022.00,https://altpath.org/discover/ji6c1tntz811tedg5vi4yvdl,Service Worker Supervisor
47-5043.00,https://altpath.org/discover/aegvc4cd4a4kpy6rvzpiipm6,Mining Roof Bolter
49-9021.00,https://altpath.org/discover/s7rkw1lw585pzcloqku0kxr3,HVAC Installer
15-2011.00,https://altpath.org/discover/u27b0gb84uyrciys4b46u555,Actuary
17-3031.00,https://altpath.org/discover/iz4fka1rrc9v50tc1pq6ns3d,Surveying & Mapping Technician
51-5113.00,https://altpath.org/discover/yuxd22xqzksux6k3upe74ep8,Print Binding Worker
43-2021.00,https://altpath.org/discover/e2e4odkx3yeauxqbj78qfcpf,Telephone Operator
17-3027.00,https://altpath.org/discover/cvl1nhcku9ul02epthalxoon,Mechanical Engineering Technologist
19-3091.00,https://altpath.org/discover/j4abb9oc19jxtrypev8krjku,Anthropologist or Archeologist
45-1011.00,https://altpath.org/discover/tmpwf7ubkpp7h0c4ukdjzpt8,Farming & Forestry Worker Supervisor
21-2011.00,https://altpath.org/discover/rl06bcrj8bv9rlmcd4npjvz7,Clergy
41-2031.00,https://altpath.org/discover/i9ormpq680816eoky6wdzm5r,Retail Salesperson
27-4021.00,https://altpath.org/discover/utx8lcszb23kjknp5lop3e2n,Photographer
23-1022.00,https://altpath.org/discover/hbh2m6r7mik73fw19iugtew4,Mediator
17-2112.00,https://altpath.org/discover/fm7d2b7uc1ugb6p22jahr9xk,Industrial Engineer
31-9097.00,https://altpath.org/discover/uo59w589g0xroji8slbjizda,Phlebotomist
43-4161.00,https://altpath.org/discover/whfzwqdqx2s9t6wr76n6wy95,Human Resources Assistant
43-6014.00,https://altpath.org/discover/sn5sux46p43bu9cmajczgebs,Administrative Assistant
13-1131.00,https://altpath.org/discover/a5vpx2lp9xskp1adk4kmr418,Fundraiser
33-3031.00,https://altpath.org/discover/flc321d0lttcfzq0w5g2jkdt,Fish and Game Warden
27-1025.00,https://altpath.org/discover/dnrgajkhbo8p1i3h9o04grjb,Interior Designer
41-2022.00,https://altpath.org/discover/sttya6lyz0r0sapazel6adcg,Parts Salesperson
35-2012.00,https://altpath.org/discover/bcuq8gzv8ngvda5ptevxnje2,Cafeteria Cook
53-7073.00,https://altpath.org/discover/jcxwalnbc3ueimpa9m1qk0r8,Wellhead Pumper
51-2051.00,https://altpath.org/discover/t1h5bzy0p7tv6jbysi5obiul,Fiberglass Fabricator
33-3011.00,https://altpath.org/discover/v4j5f71epyq8m49cqzqh0gt8,Bailiff
43-5111.00,https://altpath.org/discover/ytutt1qwr5n84curv1ltbxip,Materials Weigher
47-2041.00,https://altpath.org/discover/m092wrne9p4lseaa6wzuqqs5,Carpet Installer
25-1126.00,https://altpath.org/discover/ih23cyeyz5p4zlxq0k7buan1,Postsecondary Religion Teacher
11-9041.00,https://altpath.org/discover/dm5x39mmyywrrtlxifq2gi5n,Architectural & Engineering Manager
11-2011.00,https://altpath.org/discover/jpw3mq0ggirk71qg1ietvssq,Advertising Manager
51-2031.00,https://altpath.org/discover/x09gz11fznp1t02fy5d301wd,Engine Assembler
47-5011.00,https://altpath.org/discover/mnt7ydpxtr3yh9z25p49dkek,Oil & Gas Derrick Operator
51-3022.00,https://altpath.org/discover/o6qczi6y9v4s9t5jjjrgna1y,Meat Cutter
49-3031.00,https://altpath.org/discover/yk3egbo06u18nkfb20qhrqp3,Truck Mechanic
15-1241.01,https://altpath.org/discover/c0xigb6er42lktf9vu8awoie,Telecomm Engineering Specialist
11-9121.01,https://altpath.org/discover/jmu62sf3cwvksdaxpcm164z1,Clinical Research Coordinator
41-4011.07,https://altpath.org/discover/o3t4561nytrwpkwxb8kdki6y,Solar Sales Representative
27-1013.00,https://altpath.org/discover/tr9699uo0nhigssy36lyzbo3,Fine Artist
29-2033.00,https://altpath.org/discover/umqmfvq0ybz7gb6eluf73sp3,Nuclear Medicine Technologist
29-1292.00,https://altpath.org/discover/haka9iwvndsuhjqf4rneracv,Dental Hygienist
33-3051.00,https://altpath.org/discover/nq7vw3jorqm2yr0ruhw9elhq,Police Patrol Officer
29-1151.00,https://altpath.org/discover/jj5n9jm895kvyop4g808yuxo,Nurse Anesthetist
31-2011.00,https://altpath.org/discover/bbujyntdllcir6avu8nh1ivb,Occupational Therapy Assistant
33-2022.00,https://altpath.org/discover/undxr71fj7tr9ot75wqd6umu,Forest Fire Inspector
33-3051.04,https://altpath.org/discover/wm13fsbxymfrcuk0u08nwbwj,Border Protection Officer
29-2034.00,https://altpath.org/discover/ilcsh4rlrpb0h2u4mogbn7kt,Radiologic Technologist
43-2011.00,https://altpath.org/discover/bp67ox3k2i6ui2avdvl0qnfe,Switchboard Operator
21-1012.00,https://altpath.org/discover/f5adlo7wdolvad92n74nl74g,School Guidance Counselor
29-1141.00,https://altpath.org/discover/hs3syq7tx2fl1i1crxxjvf1j,Registered Nurse
29-1223.00,https://altpath.org/discover/dm3jn2id4f6jl0al5kq148oj,Psychiatrist
47-2011.00,https://altpath.org/discover/cnnlbn1s283u4lsfw0epu2ur,Boilermaker
25-4011.00,https://altpath.org/discover/tuo7jynu5xdnjcogno7b6yk3,Archivist
51-4071.00,https://altpath.org/discover/qmb2e8671b6mzz23jl33qo14,Coremaker
15-1243.00,https://altpath.org/discover/md4y6x4o5id7gzjqv1v9w3qf,Database Architect
27-3092.00,https://altpath.org/discover/kle1bzu59cz3dq8zcmieotlo,Court Reporter
29-1222.00,https://altpath.org/discover/b2l6zvk3nzxtagx3ea6pwbmo,Pathologist
51-8012.00,https://altpath.org/discover/vagewgwr4xamjnmf0bzaphzd,Power Distributor
29-1212.00,https://altpath.org/discover/rv22nded8egnv9gunfha2jis,Cardiologist
29-1249.00,https://altpath.org/discover/kpglsrfiuz068olty8c34f8o,Surgeon
29-1242.00,https://altpath.org/discover/wuhyb1acw1ktz14yyyyb26n7,Orthopedic Surgeon
29-1023.00,https://altpath.org/discover/dvxubf1cfoc2meugpcf756cz,Orthodontist
51-9162.00,https://altpath.org/discover/s863jbxttr84qcz1xf7avxc9,Computer-controlled Tool Programmer
29-1215.00,https://altpath.org/discover/v974lznc5xep76wf8dcglg3f,Family Medical Doctor
29-1213.00,https://altpath.org/discover/xcjk6u4f9lnzdshhrzfpnuha,Dermatologist
29-1229.05,https://altpath.org/discover/ty02z8lrhgzz5mufgmq7etde,Preventive Medicine Physician
49-9012.00,https://altpath.org/discover/xmurhi0pgzc5ny270d2hf9i9,Valve Installer
29-2092.00,https://altpath.org/discover/h7x6l74xsigl9jw1o986vwtt,Hearing Aid Specialist
49-9062.00,https://altpath.org/discover/j9vpr2p1we8hysvo68chklx9,Medical Equipment Repairer
19-3022.00,https://altpath.org/discover/zt53cqovewtnxbov4u60jt9r,Survey Researcher
11-3071.00,https://altpath.org/discover/jaz6gjg2fyx4owxls0uzjgme,Transportation Manager
31-9092.00,https://altpath.org/discover/e6lcpf2us2xh3ig023ouk1vx,Medical Assistant
33-2011.00,https://altpath.org/discover/vaquqysykcahj9piy3xozciq,Firefighter
39-9031.00,https://altpath.org/discover/thjbdyuhdtz07hxpsbv7evfi,Exercise Trainer
47-2051.00,https://altpath.org/discover/lnucv1l0tixayd549c2lwp7q,Cement Mason
39-3091.00,https://altpath.org/discover/fz3kuxtikqjsjkq60rtrvu02,Recreation Facility Attendant
29-2055.00,https://altpath.org/discover/xkp6tv9cx8tzk3je920p9u7s,Surgical Technologist
47-4071.00,https://altpath.org/discover/we42gq6fxefowd3f4hm4b4ym,Septic Tank & Sewer Cleaner
45-4022.00,https://altpath.org/discover/iqbtqr3akbbpov1twvkcc83f,Logging Equipment Operator
27-1029.00,https://altpath.org/discover/gqboy6excqlecx4fh094viz8,Designers
27-1022.00,https://altpath.org/discover/lmfh16nubxmy6gc2ui1o8f81,Fashion Designer
35-3023.00,https://altpath.org/discover/st8tmsq89u8b8ydpp9ucg6yz,Fast Food Worker
29-1131.00,https://altpath.org/discover/p25xpyk8a3j5urrlv41jdknh,Veterinarian
29-1229.02,https://altpath.org/discover/sksmwt2dkl0qbaheest4pt1f,Hospitalist
17-3022.00,https://altpath.org/discover/cuthtv0wj28ia0se2r6vxi5g,Civil Engineering Technologist
37-3019.00,https://altpath.org/discover/c0itk50tu0yy1y2xu8w10dhj,Ground Maintenance Workers
45-2091.00,https://altpath.org/discover/u1ci9yjhxq1baniavmxbl1y5,Agricultural Equipment Operator
51-8011.00,https://altpath.org/discover/lcw264dolta4m4kvkx60o7vn,Nuclear Power Reactor Operator
51-6011.00,https://altpath.org/discover/s233r1c5yvwpro06oixme11q,Laundry Worker
51-7032.00,https://altpath.org/discover/lyrmj9l8bwesaf9y0p6q3afv,Wooden Patternmakers
49-3023.00,https://altpath.org/discover/spaqsfy243ssq0w72isiwcex,Auto Mechanic
15-1211.00,https://altpath.org/discover/btselj39jr9qm1ifu6gukzk3,Computer Systems Analyst
49-2098.00,https://altpath.org/discover/o84tfj3v0gpogzuyg0b48xp3,Security System Installer
47-3014.00,https://altpath.org/discover/kkh4sjcdfjborqrt26yo4sot,Helper--Painter
45-2092.00,https://altpath.org/discover/poe575vijdr4q4b8wf4ttox9,Farm or Greenhouse Worker
43-5061.00,https://altpath.org/discover/i781oaeacwtupktfmc3tvk5p,Production Clerk
53-5021.00,https://altpath.org/discover/mxy62s273m0214jyxpe5bo15,Water Vessel Captain
29-2043.00,https://altpath.org/discover/l10mp6apim9laochtehvffqg,Paramedic
27-2031.00,https://altpath.org/discover/q9s1hgi5uxgnr27pyyijpnom,Dancer
29-1229.01,https://altpath.org/discover/xdbx4r5idcgn38mq24eufqvm,Allergist or Immunologist
41-9031.00,https://altpath.org/discover/bc3sucwd3qyzf39maza0qqcm,Sales Engineer
51-9123.00,https://altpath.org/discover/nw1abldm4x9jzwbef2kb5nrl,Painting Worker
27-2041.00,https://altpath.org/discover/lagdyzmzmujt45fc9ivpkso0,Music Director
51-8031.00,https://altpath.org/discover/idzdnvxfzjgiq9mo1eqz1fcc,Water Treatment Plant Operator
49-3051.00,https://altpath.org/discover/tgxmnsb3qntpsx3m58pik097,Motorboat Mechanic
29-1218.00,https://altpath.org/discover/arssggufnauty1qhqj7czo2e,Obstetrician & Gynecologist
53-1049.00,https://altpath.org/discover/au09dfb6ajkpn8b09tc76avh,Transportation Staff Supervisor
11-9051.00,https://altpath.org/discover/kgha86n9m2ba759emz4y5csj,Food Service Manager
17-3021.00,https://altpath.org/discover/ico3vvx2ckbv7tbnyf0jdqxb,Aerospace Technician
53-1041.00,https://altpath.org/discover/jydvg0en2shqz9ez7uaxekgi,Aircraft Cargo Supervisor
37-1011.00,https://altpath.org/discover/i7s6iefky9y4zx7kabeenrj7,Janitorial Worker Supervisor
29-1229.00,https://altpath.org/discover/din95l0mzexip1d59bj4gtec,Physicians
17-2011.00,https://altpath.org/discover/z1oek6o70vysofn2fy178h2o,Aerospace Engineer
33-2021.00,https://altpath.org/discover/vb2qa7hagtxsy8ml29oy9kxp,Fire Inspector
19-4051.00,https://altpath.org/discover/hgx2wt61k1mo9k2vucf4v75b,Nuclear Technician
29-2052.00,https://altpath.org/discover/fl9lc59bbg6ceumdtez3zmlt,Pharmacy Technician
27-4015.00,https://altpath.org/discover/l3s8pxctvhluvaf81lomh4vc,Lighting Technician
19-4044.00,https://altpath.org/discover/c6cl8zgtxceyd8d5zjurpt9h,Hydrologic Technician
33-1091.00,https://altpath.org/discover/v5so9gfp4vdxnang6qsx4kik,Security Worker Supervisor
17-2199.00,https://altpath.org/discover/cm1cs3oft00cncqrkchxl72x,Engineers
51-4041.00,https://altpath.org/discover/q779rxd00u263k0iisurvshe,Machinist
17-2121.00,https://altpath.org/discover/ulwz6tjbh125z1v8tosn6tfc,Marine Engineer or Naval Architect
53-7021.00,https://altpath.org/discover/uypdwfi07if1irewvpebn4sk,Crane Operator
27-4012.00,https://altpath.org/discover/sg4bsr5ilxme2wzj29cmvyve,Broadcast Technician
51-8092.00,https://altpath.org/discover/pg4dc862ndu3a24yvyzybeit,Gas Plant Operator
13-2052.00,https://altpath.org/discover/ajnlc2j0fnk0otk507cqa0qt,Financial Advisor
33-9021.00,https://altpath.org/discover/xtjhmvt4kpt8hr0mb5zzj1oa,Private Detective
29-1241.00,https://altpath.org/discover/vbif6heo4hpsh1l1ldvjkt91,Ophthalmologist
13-2061.00,https://altpath.org/discover/mmmy2og1xc5lry5xum9j79xv,Financial Examiner
19-4013.00,https://altpath.org/discover/o17n591xeo3f81zsj1t27psv,Food Science Technician
39-5094.00,https://altpath.org/discover/q3h2uk8yda63805rp8ys02d5,Skincare Specialist
23-1011.00,https://altpath.org/discover/yosg214473on9wkx6z51lw6t,Lawyer
35-3031.00,https://altpath.org/discover/wdmd84e77a2o0twxvskr3ad2,Restaurant Server
19-5011.00,https://altpath.org/discover/ggqz0fwo8tex9jv1rit1awtp,Occupational Safety Specialist
53-7062.00,https://altpath.org/discover/dvj2x896h0vvpwzxtln3qmvt,Hand Laborer
29-2042.00,https://altpath.org/discover/jjbb3b9hyuvc7dtv649dozt2,Emergency Medical Technician
13-2011.00,https://altpath.org/discover/b9wk32fskvzsllwxszle3nas,Accountant
29-9093.00,https://altpath.org/discover/cd3bt9zbdl00vjlrajly17l3,Surgical Assistant
39-9041.00,https://altpath.org/discover/yfo02d431lp7ngm8tdgvwxtb,Residential Advisor
49-3052.00,https://altpath.org/discover/tnlo7rhnshumejteyf8dncvr,Motorcycle Mechanic
17-2161.00,https://altpath.org/discover/rjwlfx73q1ukbjagabl4lwwt,Nuclear Engineer
13-2054.00,https://altpath.org/discover/m8v1il77rpm1sz8fyxf41ixy,Financial Risk Specialist
51-4111.00,https://altpath.org/discover/rpmcl8s8lvr3vl2irlle4yvm,Tool and Die Maker
47-4041.00,https://altpath.org/discover/ic6bl2yqbv7fl8384p4fprx2,Hazardous Material Worker
35-1012.00,https://altpath.org/discover/xx1rl1i3s2iy32ug8i10vhzd,Food Preparation Supervisor
29-2051.00,https://altpath.org/discover/eg6lsjh8cxmgouwjlqvebn8w,Dietetic Technician
51-9071.00,https://altpath.org/discover/s72007upb6uyeyrw0fe8ufs3,Jeweler
53-5031.00,https://altpath.org/discover/h2xwrb8b2dawz7kju31gljog,Ship Engineer
35-2014.00,https://altpath.org/discover/vc39tabkgs2bb8b996b49vnq,Cook
39-5011.00,https://altpath.org/discover/rqiqjlq1f715imvxieye5no6,Barber
25-4031.00,https://altpath.org/discover/fl5v2pysgeb2n7huprcga4my,Library Technician
53-3032.00,https://altpath.org/discover/h037gursjssh3m2mdjm21da4,Heavy Truck Driver
47-2072.00,https://altpath.org/discover/wcrkf3s12i94yw8wlc9rybba,Pile Driver Operator
43-4051.00,https://altpath.org/discover/yy6ze3elus7600fn2ev9sr10,Customer Service Representative
13-1071.00,https://altpath.org/discover/gtks7zjkzswzc3zjiatlrb1g,Human Resources Specialist
43-4111.00,https://altpath.org/discover/bioox2fay1y3bockmjdt5it4,Interviewer
25-2022.00,https://altpath.org/discover/bxsif98j7zoh0063s6a1j8kf,Middle School Teacher
41-3091.00,https://altpath.org/discover/s2xgoukab6orarp4o7b8a1s6,Service Sales Representative
53-2021.00,https://altpath.org/discover/atndd21mazd3xqj33bz9czd4,Air Traffic Controller
27-3043.00,https://altpath.org/discover/q6mbbvk4laqsdoonbli3iqis,Copywriter
49-9081.00,https://altpath.org/discover/lqb5bg5ddjubfis37hj18vsb,Wind Turbine Technician
29-1124.00,https://altpath.org/discover/opvuevj2ynhogi7ttecqzen7,Radiation Therapist
53-2011.00,https://altpath.org/discover/drtzijpxh7fjv4nk61p61t4a,Airline Pilot or Flight Engineer
15-1252.00,https://altpath.org/discover/xu9oym3el4qmjjyoibvt3i92,Software Developer
47-4021.00,https://altpath.org/discover/snp8u68pm4l89o29ntgwvtqi,Elevator & Escalator Installer
29-2036.00,https://altpath.org/discover/ii8l816glm71dw3gfysbytg6,Medical Dosimetrist
29-1171.00,https://altpath.org/discover/yqmji2nvyddwso2qs4nfcfph,Nurse Practitioner
31-1121.00,https://altpath.org/discover/zahtmfqx03wztwbsbf51vwnj,Home Health Aide
15-1241.00,https://altpath.org/discover/zl7taasneabqxr3y2brfn435,Computer Network Architect
51-8093.00,https://altpath.org/discover/zo4qcqqq3gczqtss4l6h2cuy,Petroleum System Operator
29-2035.00,https://altpath.org/discover/qn837597eochmhkjwc4bpfts,MRI Technologist
17-1012.00,https://altpath.org/discover/clfouvf1d20sr28j21j4f1no,Landscape Architect
49-9092.00,https://altpath.org/discover/t2se5ko47m2156zp4ilofp0j,Commercial Diver
15-1254.00,https://altpath.org/discover/o6nhtwc2p0h6s7ir3r5iu7rx,Web Developer
29-1126.00,https://altpath.org/discover/w12a2yfr2psctg4me8y9xt4v,Respiratory Therapist
15-2051.00,https://altpath.org/discover/v9ggrppkr7sjb1aejf3pswos,Data Scientist
31-2021.00,https://altpath.org/discover/e9a8sq7vks5xwbxemhquszk4,Physical Therapy Assistant
13-1021.00,https://altpath.org/discover/m1e97yugi66mf94f1817isif,Farm Product Buying Agent
33-3021.00,https://altpath.org/discover/o3gm3tnax1pofxqun3kakg2n,Criminal Investigator
29-9021.00,https://altpath.org/discover/kiyrgh3wbbvyda62w4ag989l,Health Information Technologist
15-1212.00,https://altpath.org/discover/kusikyl9ow21dt0ywqjsuog0,Information Security Analyst
53-2012.00,https://altpath.org/discover/wdbrjunwv2lqk72vsgy69i7w,Commercial Pilot
39-5091.00,https://altpath.org/discover/orzha15xfd05d6231bytr9sp,Makeup Artist
25-2032.00,https://altpath.org/discover/xib1rlywn79ztymqiqwjdlxg,Secondary Career Education Teacher
49-2095.00,https://altpath.org/discover/f47c9gu8qcsj9etvtumeq1pz,Substation Electrical Repairer
43-4141.00,https://altpath.org/discover/epbakxcu154dn61lp28wiyx4,New Accounts Clerk
49-9097.00,https://altpath.org/discover/igimtgv0ccgxcyuzfzu4mcio,Signal and Track Switch Repairer
15-1243.01,https://altpath.org/discover/glrvwqxw2essp6nsrm05acqz,Data Warehouse Specialist
13-1041.08,https://altpath.org/discover/cd04tzmhxr2xv7tiv8xbgjsy,Customs Broker
49-2021.00,https://altpath.org/discover/ydgoamb8hr7yw87l7ta2xumz,Radio & Cellular Equipment Installer
35-2021.00,https://altpath.org/discover/e1rv4cirr2zp9w0je27yh6ly,Food Preparation Manager
31-1131.00,https://altpath.org/discover/hmbthok5a792mhao1314k5ay,Nursing Assistant
15-1232.00,https://altpath.org/discover/cnrrxgpitxn4s6ymimpkbrsc,Computer User Support Specialist
29-1214.00,https://altpath.org/discover/fonc2pkl4zbrldceovsaw90v,Emergency Medical Doctor
49-3011.00,https://altpath.org/discover/jhahbv268hv13srilu6eq6fs,Aircraft Mechanic
49-9071.00,https://altpath.org/discover/fahr9jq7pmu50z5y7i1fva07,Repair Worker
29-1216.00,https://altpath.org/discover/qcjzn2sp3kxatdfepml6binf,Internal Medicine Physician
25-1192.00,https://altpath.org/discover/q7cioj9tgt2vx6nltetl91ni,Postsecondary Consumer Science Teacher
21-1015.00,https://altpath.org/discover/bpli3hhm6ml5aqk2whuq4eh0,Rehabilitation Counselor
17-3029.00,https://altpath.org/discover/w7zlhzrxat2njrkwu74bb744,Engineering Technician Non Drafters
27-2042.00,https://altpath.org/discover/s0p8jxxf9dlix4xjnh0ctnbs,Musician or Singer
25-2057.00,https://altpath.org/discover/f07gvkvhgc5mqi6s7nfdrpgu,Middle School Special Education Teacher
13-1141.00,https://altpath.org/discover/ylngqjbw2nf69vgao18b3rsm,Compensation & Benefits Specialist
19-4099.00,https://altpath.org/discover/y7nmx5vozhrw69hfec2a6jpo,Science Technicians
25-2059.00,https://altpath.org/discover/fgn0j4m5w7sa0kusrfr8y27d,Special Education Teachers
17-3012.00,https://altpath.org/discover/qq2kbho5vfsbrvvmwrb0yei1,Electrical Drafter
47-2152.00,https://altpath.org/discover/ysn6ejjoj6ivslx0tgaoh91x,Plumber
49-2093.00,https://altpath.org/discover/jgix650zeqtxdmi1oob7v8yr,Electrical Transportation Equipment Installer
29-2012.00,https://altpath.org/discover/fpki535r4s8ddwrwuue97pcy,Medical Lab Technician
49-3042.00,https://altpath.org/discover/r9mhbcxrhpbi7zhvr5yhbabn,Mobile Heavy Equipment Mechanic
13-1041.04,https://altpath.org/discover/eescgun6ncoc7ywym0qza0so,Government Property Inspector
17-3027.01,https://altpath.org/discover/w06oe4bwvbv480jipqyqmw43,Automotive Engineering Technician
25-1194.00,https://altpath.org/discover/axnt986goo5ki5s1cqst210z,Postsecondary Career Education Teacher
23-2099.00,https://altpath.org/discover/dg1qugrlbjq8evmkcimd57bi,Legal Support Workers
41-1012.00,https://altpath.org/discover/w2mqs4lfbb7ysjdmdfyusbo1,Non-Retail Sales Workers
17-3024.00,https://altpath.org/discover/nejoixcu226dftwyfe0j8lg9,Electro-Mechanical Technologist
23-2011.00,https://altpath.org/discover/p0njcvaeil5dkvqq4vseffrg,Paralegal
13-2022.00,https://altpath.org/discover/dk4qp2jjfxzhwmh37zzjksw3,Property Appraiser
13-2081.00,https://altpath.org/discover/k6t8igpwbnyjylp7uucozi54,Tax Examiner
47-2031.00,https://altpath.org/discover/orb3sr0tib7mv2fh3lmplo4n,Carpenter
53-6041.00,https://altpath.org/discover/tsnpjhl09082uasu24jjhvj2,Traffic Technician
27-1021.00,https://altpath.org/discover/i4uf3oto48bhrnygtqr5bb6b,Industrial Designer
29-2057.00,https://altpath.org/discover/p2ovokc11bt93eek0rt3m0l8,Ophthalmic Medical Technician
27-1012.00,https://altpath.org/discover/ici1i1xmw5r76l17rvl04e7l,Craft Artist
19-4099.01,https://altpath.org/discover/oj9w9pxjymkn0diunk5y58rs,Quality Control Analyst
29-9092.00,https://altpath.org/discover/y7aqx29d38p5f4iear6m711c,Genetic Counselor
25-3099.00,https://altpath.org/discover/bler4ml2g7gzss5c164ejlmv,Teachers
49-2094.00,https://altpath.org/discover/kh8ee93tt8j38om1on6rxqac,Industrial Electrical Equipment Repairer
29-1022.00,https://altpath.org/discover/yfb2d1r7wnbm0zkiryecazb4,Oral and Maxillofacial Surgeon
23-1023.00,https://altpath.org/discover/v1yfhm6vlsx5k8ancb2ioaoa,Judge
21-1091.00,https://altpath.org/discover/zwlancfzljs1t6i203wdz65l,Health Education Specialist
17-3028.00,https://altpath.org/discover/ly5bdxibbp87h8q61d66ek55,Calibration Technologist
49-2092.00,https://altpath.org/discover/wkqt882kb27iulq32k27t8ms,Electric Motor Repairer
27-4099.00,https://altpath.org/discover/fku8oupb51vp0vneuip8evph,Media Equipment Workers
49-3041.00,https://altpath.org/discover/firyydzdo0clpj6aa1hao88l,Farm Equipment Mechanic
47-2221.00,https://altpath.org/discover/e2xdizmqxolv56t8i3i7haog,Steel Worker
43-2099.00,https://altpath.org/discover/xs6faepimvicpdej6fpwzcb0,Communication Equipment Operators
19-4031.00,https://altpath.org/discover/ihsw3xu6jc1dgbmnho45594n,Chemical Technician
17-2151.00,https://altpath.org/discover/pg4aw6cbs9irepy16meuxchq,Geological Engineer
17-2111.00,https://altpath.org/discover/a305vb76wa3ap6xrldcel3en,Safety Engineer
47-2071.00,https://altpath.org/discover/q66zw6lt7awp5l1xm33rx60n,Paving Equipment Operator
41-4011.00,https://altpath.org/discover/ph2q3tea7ulap7ptzmbw27q0,Technical Product Sales Representative
27-2032.00,https://altpath.org/discover/e0l5q5bohf3uviddx6msxvyn,Choreographer
13-1082.00,https://altpath.org/discover/of9jucf2c0rtj8xhoa3dxx9m,Project Management Specialist
53-3033.00,https://altpath.org/discover/c8gut1md5ydqlovoncvaoepv,Light Truck Driver
29-1141.03,https://altpath.org/discover/actqisbgcif3eu8i5f930lg4,Critical Care Nurse
39-5012.00,https://altpath.org/discover/tyw2sk0lq5t6llzzjqepv36a,Hairstylist
39-3092.00,https://altpath.org/discover/tr6eqwckkndxvyos9smobiqf,Costume Attendant
25-3021.00,https://altpath.org/discover/n1dlrdz4epzn19fegv9d38r6,Self-Enrichment Teacher
23-2093.00,https://altpath.org/discover/dcy3f0wh75p7tkrtyj34gg38,Title Examiner
41-2011.00,https://altpath.org/discover/vww883zj2k0r0kfdgoqmpn16,Cashier
43-4011.00,https://altpath.org/discover/u0c3p7mrhvtk6zt2syp4hxcl,Brokerage Clerk
17-2131.00,https://altpath.org/discover/hmrn9vmjiovj673ifo8fjdj3,Materials Engineer
53-4041.00,https://altpath.org/discover/wmvsqftify5132x1pxavuacx,Subway Operator
47-2022.00,https://altpath.org/discover/suuaf3zesgack8x4dgu4tfhv,Stonemason
13-1051.00,https://altpath.org/discover/mi7h9ollozaf2ou0ui6hzjj0,Cost Estimator
41-3041.00,https://altpath.org/discover/uihhq92tcm7m6unknttjfnfj,Travel Agent
51-6092.00,https://altpath.org/discover/v4x6j6d9un3isewilc1qkh9u,Fabric & Apparel Patternmaker
17-2041.00,https://altpath.org/discover/d4x528u8pmdfmcdmr74igo1j,Chemical Engineer
43-6012.00,https://altpath.org/discover/s7hjdc5ggc79a2xwik2at0al,Legal Administrative Assistant
47-5032.00,https://altpath.org/discover/yjr1v100f63f87nmy72s2iqk,Explosives Worker
13-1081.00,https://altpath.org/discover/ymlzdaue7uxp3w2pwqtpp9kj,Logistician
53-3052.00,https://altpath.org/discover/duem864k6jhpydktdxfrel2w,Bus Driver
19-2021.00,https://altpath.org/discover/n4f658gz5ac23lxr5g419s1z,Atmospheric Scientist
17-2081.00,https://altpath.org/discover/edh6zpfnr74k55g5gamwfa57,Environmental Engineer
11-9199.00,https://altpath.org/discover/s5h5stqfny5aq6uaeci71ste,Managers Other
19-1011.00,https://altpath.org/discover/skn3z67at6iipztdoy59ecw8,Animal Scientist
15-2051.01,https://altpath.org/discover/t3e613q9ohmr73bujhf88usi,Business Intelligence Analyst
39-4031.00,https://altpath.org/discover/clqjk7phcgebb9e0p24qg2rl,Mortician
17-3019.00,https://altpath.org/discover/q7sstty6bp3pc3ho1z51fivd,Drafters
19-2012.00,https://altpath.org/discover/y4fpby0s2qxpvgifn9r0kbit,Physicist
43-4131.00,https://altpath.org/discover/dafm3xzwapbeo42qzmlfvoki,Loan Interviewer
17-2051.00,https://altpath.org/discover/ocjlyizcx7nfwd4piszju2v5,Civil Engineer
43-9031.00,https://altpath.org/discover/hpmoszmbkna2najokvmlce6n,Desktop Publisher
19-3033.00,https://altpath.org/discover/ud7ddnjgwz86drw9vzu58e3q,Psychologist
13-1161.00,https://altpath.org/discover/c4lsh2r3cde2wc6o9zfoghu1,Marketing Specialist
47-2132.00,https://altpath.org/discover/o57u3jsf9obkmasblu78lxfc,Insulation Worker
37-2011.00,https://altpath.org/discover/xm2q0myvbbqk7q801k247s68,Janitor
43-3061.00,https://altpath.org/discover/rlb46anifskcapppe59cd6ni,Procurement Clerk
19-3032.00,https://altpath.org/discover/hb9kxk1u3p25su4cclkkrw2y,Organizational Psychologist
19-2031.00,https://altpath.org/discover/y8knh4zkat0pgeo0229hhprl,Chemist
19-2041.00,https://altpath.org/discover/hwxvzovkob7k1agx8dd5cksc,Environmental Scientist
49-9063.00,https://altpath.org/discover/n357v2flg4wrgx9g1s7wsfob,Musical Instrument Repairer
17-1021.00,https://altpath.org/discover/wktwivganpf0hd0qhh77j89z,Cartographer
13-1075.00,https://altpath.org/discover/lgjyc4r98b8k2hplpaipz65l,Labor Relations Specialist
47-2042.00,https://altpath.org/discover/h40xfyuk9py4ff4r0zrn0k4o,Floor Layer
15-1244.00,https://altpath.org/discover/g00rdbwajt16m0qqse388gqe,Computer Network Administrator
29-1021.00,https://altpath.org/discover/tu7rquq8wka938nvrzvhzhth,Dentist
25-2058.00,https://altpath.org/discover/kbjl388wsnrytztjes2a5pl3,Secondary Special Education Teacher
31-9094.00,https://altpath.org/discover/l9k0etnnui3bog1yy5f3dmk3,Medical Transcriptionist
29-1051.00,https://altpath.org/discover/dxuznxxed95p6ntxdyid94bm,Pharmacist
15-1251.00,https://altpath.org/discover/v64y4v0x7cajyej8hjwreixb,Computer Programmer
51-2041.00,https://altpath.org/discover/n41sclsum9ufo6o8bgs2hakf,Structural Metal Fabricator
11-1021.00,https://altpath.org/discover/vx4zpogtxlh1qaljsdan2xg2,General and Operations Managers
43-9111.00,https://altpath.org/discover/l6del7g8dv6pm0iry21scxb8,Statistical Assistant
31-9096.00,https://altpath.org/discover/yvwxrjel0lr5xwx1ei9vw1v2,Veterinary Assistant
15-2099.00,https://altpath.org/discover/ez29n9dzu35hg1y62q1awha9,Mathematical Science Occupations
51-7031.00,https://altpath.org/discover/tus177mictkw18jr09w7gunn,Wooden Model Makers
25-1063.00,https://altpath.org/discover/eo6ygikpylapa6dzdkjjw9jv,Postsecondary Economics Teacher
19-1021.00,https://altpath.org/discover/jraz3idbpyxsioa1humrogzi,Biochemist
19-4043.00,https://altpath.org/discover/b4k3lphihxo1jwpzcondi92r,Geological Technician
47-5012.00,https://altpath.org/discover/ek6542o820wjrrv166f45nu2,Oil & Gas Drill Operator
49-9061.00,https://altpath.org/discover/k6b064l4gsf64yad740xpb3f,Camera Repairer
27-3031.00,https://altpath.org/discover/eyven9hcd5wtottzy1g7rny6,Public Relations Specialist
51-5111.00,https://altpath.org/discover/c0l9hwacbq0jhdehzne105jx,Prepress Technician
13-2099.00,https://altpath.org/discover/yk2nmfyuxztu5h0o93k0ybvk,Financial Specialist
33-3012.00,https://altpath.org/discover/tl2qoxdtvon0h9advhehfghi,Correctional Officer
19-1032.00,https://altpath.org/discover/wq6cwp3gys2n7aschg9alk8l,Forester
19-1031.00,https://altpath.org/discover/tixhij9qod6376fr2fjboqzr,Conservation Scientist
27-3023.00,https://altpath.org/discover/n21dtfjelttfol4xbh1oy60p,News Reporter
27-2021.00,https://altpath.org/discover/u0rt7xpvau2mjba4ox1alzhd,Athlete
27-3041.00,https://altpath.org/discover/g700ii7cp36qna13v5rz2kxb,Editor
27-4032.00,https://altpath.org/discover/oa0yusf3fjv91rolbwt7cjbk,Film and Video Editor
17-2199.07,https://altpath.org/discover/ad0a3wj7th4m8rfg0h40e051,Photonics Engineer
17-2199.10,https://altpath.org/discover/anqgshmj9c67mivwwgcinhgx,Wind Energy Engineer
25-3031.00,https://altpath.org/discover/lq27fhacmr0rbazyuwk8n98g,Substitute Teacher
25-1122.00,https://altpath.org/discover/ftfer8itbloaq8j6ypuzxnnr,Postsecondary Communications Teacher
17-2199.05,https://altpath.org/discover/l4nsj15g4g6md8qg1lj3cbja,Mechatronics Engineer
43-5031.00,https://altpath.org/discover/h3l17ocrszp44os012d3bxw0,Public Safety Telecommunicator
27-1024.00,https://altpath.org/discover/mssph5m16qo1ldagjs1x0zn6,Graphic Designer
53-6051.00,https://altpath.org/discover/cpyf0hmhuxqt9v0wma2gl2ly,Transportation Inspector
31-9093.00,https://altpath.org/discover/cyp1g3475ksrawoo8yiotq53,Medical Equipment Preparer
41-9021.00,https://altpath.org/discover/k7z9oy3cbfxoz1tqkhoonff0,Real Estate Broker
19-4042.00,https://altpath.org/discover/d7k2pqdglocz8bzkbiqommo3,Environmental Science Technician
17-2111.02,https://altpath.org/discover/r4z4ngiynil4apkteyt8eb6u,Fire-Prevention Engineer
29-2099.01,https://altpath.org/discover/jcuvsqzc0isohfsl1rxvkqpv,Neurodiagnostic Technologist
29-2099.05,https://altpath.org/discover/ew99dj6oar1n53dccw0zjuww,Ophthalmic Medical Technologist
29-2099.08,https://altpath.org/discover/c61nk661bfk4p5ru2zi50vys,Patient Representative
49-3043.00,https://altpath.org/discover/fdh2uhmsvgiozknxbvr76rbs,Rail Car Repairer
13-2053.00,https://altpath.org/discover/x3m6fou6d4avykv8t85gfc78,Insurance Underwriter
11-1031.00,https://altpath.org/discover/n7obrenrxts2uy64ih8xfdh4,Legislator
51-2099.00,https://altpath.org/discover/pvx5x6r0oexkw4nvr3bi4x56,Assembler
25-1032.00,https://altpath.org/discover/mb4jhwat07pivoaryfi4zpql,Postsecondary Engineering Teacher
25-1064.00,https://altpath.org/discover/jnqehziuk9myxq1d8yx0shht,Postsecondary Geography Teacher
47-2121.00,https://altpath.org/discover/dtu3bnzbfkkoq97puub92kco,Glazier
13-2041.00,https://altpath.org/discover/w6xvhleb83lnpzo826wracq5,Credit Analyst
39-2021.00,https://altpath.org/discover/pobwoy2u38wwa0udmc6y4a6z,Animal Caretaker
53-4031.00,https://altpath.org/discover/lfgg4mfreu8hxhjkrwg3t5zi,Railroad Conductor
51-4121.00,https://altpath.org/discover/z1s8t71khc22odv0n3jp8z77,Welder
19-4061.00,https://altpath.org/discover/uawqydbgre36skboojecids0,Social Science Research Assistant
47-2082.00,https://altpath.org/discover/xmby0n36fr252299dkht7h8s,Taper
15-2041.00,https://altpath.org/discover/uf6q1icxjw4bpq7msqgfueas,Statistician
53-3051.00,https://altpath.org/discover/o6q0pzahtqw1v50c23l2dp1y,School Bus Driver
21-1094.00,https://altpath.org/discover/v3w1znckgcprwicr92ayz4ca,Community Health Worker
43-6013.00,https://altpath.org/discover/etjih5umfe72cp1oxd07usxw,Medical Administrative Assistant
25-3011.00,https://altpath.org/discover/w5nk7itlhuh7f41oo8j4qooc,Adult Education Instructor
47-2151.00,https://altpath.org/discover/vdqke41p1iww0u27o125numx,Pipelayer
53-3031.00,https://altpath.org/discover/h1hvgil4ubco3vh75upzsngq,Driver/Sales Worker
15-1299.04,https://altpath.org/discover/mi2igx7nncic9l0hx2trqz6a,Penetration Tester
11-3013.00,https://altpath.org/discover/wgytqlo9ttnxo1zogx3b8hes,Facilities Manager
47-2021.00,https://altpath.org/discover/ctteix9c7c60sf9w42tak8cp,Brickmason
33-3041.00,https://altpath.org/discover/xf91ta00dufn9h9u7jcdzxid,Parking Enforcement Worker
29-1127.00,https://altpath.org/discover/jd5as39vh1vylahla20p6gxl,Speech-Language Pathologist
21-1093.00,https://altpath.org/discover/rvbh3apqvjmkw9969fjxvwbw,Social Service Assistant
33-9011.00,https://altpath.org/discover/ctpflx26w362saba8pak86m9,Animal Control Worker
47-2141.00,https://altpath.org/discover/kc2lre936iorry62p82olel7,Construction Painter
47-2142.00,https://altpath.org/discover/x8mpjgfi23zywl9rcossksxb,Paperhanger
25-1042.00,https://altpath.org/discover/upcjb9nn18vawooqvhxzcapv,Postsecondary Biological Science Teacher
47-5013.00,https://altpath.org/discover/dr6k61zdsf64j6wumvbp4hv5,Oil & Gas Service Unit Operator
47-2171.00,https://altpath.org/discover/nywzq6rn90bd7taaz89flaq1,Rebar Worker
53-4013.00,https://altpath.org/discover/heeu4no58bl832q32mcs2a65,Rail Yard Engineer
39-9011.00,https://altpath.org/discover/k8ah5bjs6qlmdc2tfjx5wh1r,Childcare Worker
53-7051.00,https://altpath.org/discover/d31t5ulxhtolwro1ojtqes06,Tractor Operator
47-5023.00,https://altpath.org/discover/imddn2jeon47jz1xyiofnq12,Earth Driller
47-1011.00,https://altpath.org/discover/xd7dyqle24cmkt2n6hu39o8r,Construction Worker Supervisor
47-2131.00,https://altpath.org/discover/gopeodoyya1aw7njfv8tkoli,Wall & Ceiling Insulation Worker
25-1022.00,https://altpath.org/discover/gv6gyxaqktoj8nw59w28gb6m,Postsecondary Math Teacher
33-1011.00,https://altpath.org/discover/lzfcyalf55zv99iivabwv1og,Correctional Officer Supervisor
25-1031.00,https://altpath.org/discover/wsagwvfwdo5ur6om3wae0wmg,Postsecondary Architecture Teacher
49-3021.00,https://altpath.org/discover/sbeaghb8l2effkrpvtg5enp3,Automotive Repairer
51-2022.00,https://altpath.org/discover/g02nh5qwh3rsj3a5j118wlef,Electrical Equipment Assembler
53-4022.00,https://altpath.org/discover/nwltt2zb5ovrf3feyc2t2zgg,Railroad Switch Operator
25-1051.00,https://altpath.org/discover/sk6v5bafhwbbhis1f0b6urow,Postsecondary Earth & Space Sciences Teacher
25-1067.00,https://altpath.org/discover/vb0dma6xigl598xxap5yiahz,Postsecondary Sociology Teacher
43-4199.00,https://altpath.org/discover/p941zbnhw945juferggx4pt1,Record Clerks
25-1054.00,https://altpath.org/discover/pxfir6p866wwih3p6tt2emag,Postsecondary Physics Teacher
25-1052.00,https://altpath.org/discover/gzh1caem84qz4tcum9ac382g,Postsecondary Chemistry Teacher
21-1099.00,https://altpath.org/discover/zojpz6jsxgxm6kvx77z7llwh,Social Service Specialist
43-9081.00,https://altpath.org/discover/m1lf9y6cgthk31e0zoxce4xz,Proofreader
29-1122.00,https://altpath.org/discover/xhajznfam5dmptdup0bgv128,Occupational Therapist
51-9012.00,https://altpath.org/discover/n011iglq44fwgb07dylrwn00,Separating & Filtering Machine Operator
47-3016.00,https://altpath.org/discover/t7xnxs36maj5w5rueurf6l01,Helper--Roofer
25-2023.00,https://altpath.org/discover/u5tvhqr4tik0kirbe8k9360u,Middle School Career Education Teacher
41-2021.00,https://altpath.org/discover/nf8b04pbjbiuhl6kd5beigct,Rental Clerk
11-3121.00,https://altpath.org/discover/piwd9d4lkvz50gxhvg8p530h,Human Resources Manager
29-1217.00,https://altpath.org/discover/dgs47izev5tmhqoom49ul71r,Neurologist
43-5052.00,https://altpath.org/discover/j4albfuwsi62bknjza8908fh,Postal Service Mail Carrier
43-3021.00,https://altpath.org/discover/kf9jj7z6hhih9byww3gfippo,Billing Clerk
25-1082.00,https://altpath.org/discover/j5ms6hk5re5ofihn7mtsshlp,Postsecondary Library Science Teacher
53-3099.00,https://altpath.org/discover/h2xvvc75yu94n0d3phjtx627,Motor Vehicle Operators
47-3019.00,https://altpath.org/discover/y0adb0bz8uw9eyty7g38b0hp,Construction Trades Helpers
33-9091.00,https://altpath.org/discover/w98v68ijmww9hk0vg8xnxo0n,Crossing Guard
51-4192.00,https://altpath.org/discover/kh5klvmzcp5zqys53sfslhw1,Metal & Plastic Layout Worker
47-5041.00,https://altpath.org/discover/xtw3dq3ji7mpk5zha4h3z9m6,Mining Machine Operator
11-9031.00,https://altpath.org/discover/yo8eklx82wkjbmv99kww26j4,Preschool Education Administrator
43-5051.00,https://altpath.org/discover/wqjm04lbsstkgmoky94a94g2,Postal Service Clerk
37-2021.00,https://altpath.org/discover/mjljlcwy1bcdnm2b9u5nbgyw,Pest Control Worker
19-1041.00,https://altpath.org/discover/irni5gfzfoym0m4nt9unt92l,Epidemiologist
53-7031.00,https://altpath.org/discover/p6ctysxoaq4v02q03vw053x6,Dredge Operator
15-1299.05,https://altpath.org/discover/zj359w49dpxv358jcx4lz2xn,Information Security Engineer
15-1299.07,https://altpath.org/discover/hybzrksysxwto47jrcf9bop6,Blockchain Engineer
53-7072.00,https://altpath.org/discover/sfnrvicz4b01h9bctm9238io,Pump Operator
51-9195.00,https://altpath.org/discover/f2thg1fbuy62hmhbp6b77swg,Molders
27-2011.00,https://altpath.org/discover/ujyoph0ljccmlbu2nxobb8nz,Actor
53-7071.00,https://altpath.org/discover/wvsqktw5gan8wumglyaxjzi4,Gas Pumping Station Operator
43-3099.00,https://altpath.org/discover/d1fqvjj0pxweerjpnzcaeh0j,Financial Clerks
35-9031.00,https://altpath.org/discover/sru2u54i0kxxgfxfuocv37er,Restaurant Host
43-4081.00,https://altpath.org/discover/gzz45ozsd882s9apsjne8vpj,Hotel Desk Clerk
15-1299.02,https://altpath.org/discover/dv9khj60ccgxzytwdz7oi56p,GIS Technologist
53-6011.00,https://altpath.org/discover/v44sp7o9r7w7mmw37yrxrlyd,Bridge and Lock Tender
53-5011.00,https://altpath.org/discover/sw1sm0lvz1b8acpls3fs6ayf,Sailors and Marine Oiler
41-3011.00,https://altpath.org/discover/e6yf2mvy8zdq2c07ietg1zmy,Advertising Sales Agent
51-9193.00,https://altpath.org/discover/r1hevzbgwmh4qlso9a87s7wv,Cooling Equipment Operator
39-2011.00,https://altpath.org/discover/kp109ldyp16wvzvm05pabk3u,Animal Trainer
51-9197.00,https://altpath.org/discover/fpplclxpd04jduimwarwaihk,Tire Builder
19-3041.00,https://altpath.org/discover/v7hkjnbhwue842ydbekht2u0,Sociologist
11-1011.00,https://altpath.org/discover/ch3vbcm87o30igwdu9sk9jph,Chief Executive
31-1132.00,https://altpath.org/discover/nu9teqdabqvt92h0dkpl80bb,Orderly
47-3015.00,https://altpath.org/discover/x8h7ek5zus8rm7c3y4zi0p3u,Helper--Plumbing
39-4012.00,https://altpath.org/discover/fz5kuj2te425s56r7i2o5tzt,Crematory Operator
43-5032.00,https://altpath.org/discover/jkcnyocox0o5gu56v5luja2p,Dispatcher
45-2011.00,https://altpath.org/discover/vzma8hw4jgurihp0250spwjx,Agricultural Inspector
19-3094.00,https://altpath.org/discover/rqzm78pge3ufn5f48x2xnpbf,Political Scientist
51-3011.00,https://altpath.org/discover/wqcceiprhrx76q4bwnbr8z21,Baker
15-1299.06,https://altpath.org/discover/fe9m32why6sergz4fvw00v6u,Digital Forensics Analyst
17-2141.02,https://altpath.org/discover/w7v6zfzhkz0gn5mh9yjq4vtp,Automotive Engineer
25-1053.00,https://altpath.org/discover/fcerq0kq9wvx43c6vz7bwwhs,Postsecondary Environmental Science Teacher
25-1112.00,https://altpath.org/discover/zjzksixa2l35xotrgziiwt04,Postsecondary Law Teacher
47-4031.00,https://altpath.org/discover/uhayg73em91exydvllyk0dyh,Fence Erector
39-3093.00,https://altpath.org/discover/arquisvsm0e5r6scb4mt40ob,Dressing Room Attendant
31-9099.02,https://altpath.org/discover/p2hxsxl98dbapyynjer9wmjz,Endoscopy Technician
33-9093.00,https://altpath.org/discover/nvgudger8al36bv2kk8pf861,Transportation Security Screener
49-3093.00,https://altpath.org/discover/li9mdk2dsjwwp8eozkfyxr9m,Tire Repairer
51-9195.05,https://altpath.org/discover/f4auj7kez73ce2c2pj3o7iw9,Potter
37-3012.00,https://altpath.org/discover/cbtmonkz59yt0kzh3uqaymyd,Pesticide Handler
45-2021.00,https://altpath.org/discover/odbkcxbe6hq0pn0gf95p4jyj,Animal Breeder
29-1181.00,https://altpath.org/discover/paux6hzh3onrmtg41uk5tjqh,Audiologist
53-4099.00,https://altpath.org/discover/xisc1ydn4ze93eqg7r5zqqqd,Rail Transportation Workers
27-2023.00,https://altpath.org/discover/wg8msk1isu2l7porx1u36q8k,Sports Referee
49-3053.00,https://altpath.org/discover/qs5mw2t5lsonzjv9c9hnji0n,Power Equipment Mechanic
41-9011.00,https://altpath.org/discover/sq8mzd61uyafq08fm0i5iqnt,Product Promoter
51-9041.00,https://altpath.org/discover/zpi65urj3c0ab5tpe21sxw2x,Compacting Machine Operator
47-4011.00,https://altpath.org/discover/l9br5243ql95c6l6hfnjv283,Building Inspector
17-2112.02,https://altpath.org/discover/k2io8df93d29omx6xdy8xe69,Validation Engineer
29-1128.00,https://altpath.org/discover/x2c39oenf76fm6v36cvdmxrz,Exercise Physiologist
39-5093.00,https://altpath.org/discover/y6a9qdvwapryhl0os0huu9bx,Shampooer
29-2011.00,https://altpath.org/discover/q03udam2nwxwj1egoom9woc6,Medical Lab Technologist
51-9051.00,https://altpath.org/discover/i2dowwigip58wmalajseg388,Heating Equipment Operator
29-1024.00,https://altpath.org/discover/la398tqrkm5b3s6ndojl0mml,Prosthodontist
19-1029.00,https://altpath.org/discover/x5dimw81bzhka4zk3yrbslyw,Biological Scientist
29-2011.04,https://altpath.org/discover/a4vq4bt8regyfmx0oq67uh0x,Histotechnologist
25-9043.00,https://altpath.org/discover/iuiok98rwc3ozanbgmqv9csz,Special Education Teaching Assistant
15-2031.00,https://altpath.org/discover/efw1wgslg24br0xqlssrrg43,Operations Research Analyst
25-1011.00,https://altpath.org/discover/qs76dflxb1iw6mows7qacw1w,Postsecondary Business Teacher
43-4181.00,https://altpath.org/discover/cfah48kjw190l44jp2u2p7ci,Reservation Ticket Agent
53-6032.00,https://altpath.org/discover/i80ratdg1ums8tw84aylg2iz,Aircraft Service Attendant
49-1011.00,https://altpath.org/discover/z8okg8awwvfqfov5pm1rujmk,Mechanic Supervisor
49-9031.00,https://altpath.org/discover/u52if6k5l9eq2k1buuq31v4h,Home Appliance Repairer
51-4021.00,https://altpath.org/discover/f5ekzopz81870lhqc2g9quk3,Metal & Plastic Extruding Machine Operator
25-3041.00,https://altpath.org/discover/yz4n9krb1xfmpib2t5zjio8y,Tutor
53-6061.00,https://altpath.org/discover/gu32s5k6o6r28xlzhkcinjrm,Passenger Attendant
25-1193.00,https://altpath.org/discover/l644n9ifgihm7ejj3uqqk9ra,Postsecondary Fitness Studies Teacher
49-9091.00,https://altpath.org/discover/erpheww332x02ncdsb2bg3l8,Vending Machine Servicer
41-9012.00,https://altpath.org/discover/djpqdkjqa99g3pbn7r5d4g6g,Model
45-4023.00,https://altpath.org/discover/jz9tdo4u6iwop2nu37yq2xru,Log Graders and Scaler
49-9098.00,https://altpath.org/discover/c8ao0sqtgqrcada7st3x4ito,Helper--Installation & Repair
53-7064.00,https://altpath.org/discover/dkz4obyh4hvtt8j0f5idb1xc,Hand Packer
53-6021.00,https://altpath.org/discover/y4j18cc5eoajtqcajalgg3vb,Parking Attendant
25-9042.00,https://altpath.org/discover/t9v376oacfbf3u1i7xrqvezq,Primary and Secondary Teaching Assistant
51-9199.00,https://altpath.org/discover/q0tga04cy1x8xc5v916jyd26,Production Workers
33-9099.00,https://altpath.org/discover/l44352l7w6j1k9esdwfus8tz,Protective Service Workers
27-2091.00,https://altpath.org/discover/z0ncsu4pow7kiqlb7u4wa9vu,Disc Jockey
47-5099.00,https://altpath.org/discover/ltqpdwyzds9hgewrrw7fbpf2,Extraction Workers
17-2051.02,https://altpath.org/discover/ep61zjbhnb24kyccyygvyvf9,Water/Wastewater Engineer
37-2019.00,https://altpath.org/discover/zpm5amg1vh6zhp7jb5nkk598,Building Cleaning Workers
31-9095.00,https://altpath.org/discover/yl588itt2n25yyew11g918jp,Pharmacy Aide
17-2051.01,https://altpath.org/discover/gvyj4i65z77muxwnqfteflkz,Transportation Engineer
29-2091.00,https://altpath.org/discover/kozgxc3c1o9mcrtbh1xsz2rk,Orthotist
51-3099.00,https://altpath.org/discover/ptlqg9lqmixo2bebt1lqrgu5,Food Processors
39-4021.00,https://altpath.org/discover/b1a650c62eg4vf7j9j1xbtfr,Funeral Attendant
43-5071.00,https://altpath.org/discover/sl1jrq9ldbt6csh75yfqbu0n,Inventory Clerk
49-9094.00,https://altpath.org/discover/p94rx7r88ugxhfqmhqnnngmj,Locksmith
25-1061.00,https://altpath.org/discover/wi2ulrqasi1t82prw1f3cl8v,Postsecondary Anthropology Teacher
25-1065.00,https://altpath.org/discover/guyn0wlyac2ods7bjjw9qjsd,Postsecondary Political Science Teacher
43-5053.00,https://altpath.org/discover/dvyp3k2pihoy9ce1u5fjet3w,Postal Mail Machine Operator
51-7011.00,https://altpath.org/discover/fo8mt1dirfytovrcs1hfwodt,Cabinetmaker
51-3091.00,https://altpath.org/discover/kk5f7eu262ya6w982uras7rg,Food Production Machine Operator
51-9011.00,https://altpath.org/discover/exovi40b4l5vm9b0n7u0hvbj,Chemical Equipment Operator
51-7021.00,https://altpath.org/discover/bukoxnjfattdjx780rw2x82f,Furniture Finisher
25-1121.00,https://altpath.org/discover/z7ht0wtt8885x5dndx65bek1,Postsecondary Creative Arts Teacher
39-3099.00,https://altpath.org/discover/o2e2tfqk0u44e5pp1y3duylg,Entertainment Attendants
51-4072.00,https://altpath.org/discover/vyvruehesnkd2prdmclqlrk6,Metal & Plastic Casting Machine Operator
51-7041.00,https://altpath.org/discover/oxmzjyey4q8ai1qu5ylyymcg,Sawing Machine Operator
51-6091.00,https://altpath.org/discover/krmqk2m17am20naauyx8l0s3,Synthetic & Glass Machine Operator
17-1011.00,https://altpath.org/discover/j1vihmo5h96ij124tcwtxn29,Architect
19-1022.00,https://altpath.org/discover/wvytbqodkso93q66r6wvxyjd,Microbiologist
13-1199.00,https://altpath.org/discover/avwyutdhf8rgnexe2ivn2dkk,Business Operation Specialist
51-9081.00,https://altpath.org/discover/b09612l1z7kwqsfggw0j16zh,Dental Laboratory Technician
47-3013.00,https://altpath.org/discover/t00vivjg0e3jesj8ofy80h5a,Helper--Electrician
51-8013.03,https://altpath.org/discover/jx1gri9p4ke0nbxi2y8h0k42,Biomass Plant Technician
27-3043.05,https://altpath.org/discover/r78vaa8l2l8uqs78svawibe3,Creative Writer
11-2032.00,https://altpath.org/discover/z9me9dkaarikjfnziyscu2x6,Public Relations Manager
19-3051.00,https://altpath.org/discover/ld2tg5ahpbgu4omth5bqhhxb,Urban Planner
43-1011.00,https://altpath.org/discover/px4qntbygxka139m15rz5ltt,Office Worker Supervisor
47-3012.00,https://altpath.org/discover/f0oqzrt7aeuxst7c2xsmk27z,Helper--Carpenter
11-3131.00,https://altpath.org/discover/enlw5yav907npy8p8zza535j,Training Manager
51-9151.00,https://altpath.org/discover/mht4p1fq0gky2y80a7z7ojvx,Photographic Process Worker
51-4051.00,https://altpath.org/discover/argn2xwyi4t4wxjm058pa6yg,Metal-Refining Furnace Operator
51-3093.00,https://altpath.org/discover/ov2icfx4pceqw8czi0w8axm5,Food Cooking Machine Operator
51-9021.00,https://altpath.org/discover/ihduuu4vsp5y4vsss3k081od,Grinding & Polishing Machine Operator
51-3023.00,https://altpath.org/discover/djtjbvi728en6bpq5vtd2h3t,Meat Packer
43-4121.00,https://altpath.org/discover/b4vlx72qqfz8yf1iovzjz6if,Library Assistant
51-7042.00,https://altpath.org/discover/mtpcxysr4zdz8a8kfpn5ov2k,Woodworking Machine Operator
43-3051.00,https://altpath.org/discover/b9406xqzwf6ijj8df8xeu7bs,Payroll Clerk
51-9032.00,https://altpath.org/discover/ivusew4r20q51j59tsrl9ouf,Cutting Machine Operator
39-6011.00,https://altpath.org/discover/glkc7uer50rodmrg8wwarp56,Baggage Porter
19-2042.00,https://altpath.org/discover/i4k9tlajzkqqfu6iq50v9upv,Geoscientist
25-1043.00,https://altpath.org/discover/k126vtgu047xdbhnve28sdf2,Postsecondary Forestry Teacher
19-3034.00,https://altpath.org/discover/myy7ou9blj1r8tqvb3xh3nwl,School Psychologist
11-3111.00,https://altpath.org/discover/xfyiit53mqx85d9gp8nsvzut,Compensation & Benefits Manager
21-1022.00,https://altpath.org/discover/h2jox45khu4k7hjacjpn3w78,Healthcare Social Worker
25-1066.00,https://altpath.org/discover/a97f5nbz6sysugt7ys0he3gu,Postsecondary Psychology Teacher
51-1011.00,https://altpath.org/discover/sy5is832r0xygdp9o1b0eiii,Production Worker Supervisor
33-9094.00,https://altpath.org/discover/gn0thryg6vrqfo8ohv8vfaaw,School Bus Monitor
43-3011.00,https://altpath.org/discover/l9gdramgve3ndgpjuq9ryz6f,Bill Collector
45-2093.00,https://altpath.org/discover/omsmvon99ar1e0jyaoef6alz,Farmworker
51-4194.00,https://altpath.org/discover/h30wxocnbz0reuwowwergzce,Tool Grinder & Sharpener
25-1124.00,https://altpath.org/discover/f39tskr2e01050j7tfjjmu2z,Postsecondary Foreign Language Teacher
43-4041.00,https://altpath.org/discover/x0be1uze8ia93hfu4zm0a1m9,Credit Authorizer
43-4021.00,https://altpath.org/discover/o6fhfk6qrbwotfuw7qfjqq5x,Correspondence Clerk
51-6052.00,https://altpath.org/discover/z7er72cpvdcto1mxtzjfuicj,Custom Tailor
53-3011.00,https://altpath.org/discover/gclk0zl2cxvf6j6eiffe8n8d,Ambulance Driver
13-1081.01,https://altpath.org/discover/y9pjuzb5jhlwry6tngh7uz2z,Logistics Engineer
51-9191.00,https://altpath.org/discover/uyws8dgzzkc2c7dy9s3mmgq8,Bonding Machine Operator
51-4023.00,https://altpath.org/discover/y1r5i4t29mw200ehpqt12y9i,Metal & Plastic Rolling Machine Operator
35-2015.00,https://altpath.org/discover/kobikk1w0lmjobmqhbjc5q2r,Short Order Cook
51-4191.00,https://altpath.org/discover/vab5pb7kr5z91oiike7ttcom,Metal & Plastic Heating Equipment Operator
43-3041.00,https://altpath.org/discover/dfgad30mdwko6hjcdowlkmml,Gambling Worker
43-9051.00,https://altpath.org/discover/jepzepvb03u8gwt2njq590b0,Mail Clerk
51-4122.00,https://altpath.org/discover/cpsjoh2hi5gvrtqnp98aqjld,Welding Machine Operator
47-3011.00,https://altpath.org/discover/n0l5ot9xurtd23yl4r8pyhd9,Helper--Brickmason or Tile Setter
11-9171.00,https://altpath.org/discover/gzjf2ukkma87dg758qu78oi8,Funeral Home Manager
51-5112.00,https://altpath.org/discover/lq4qlhivaoup38lbcfg9eyst,Printing Press Operator
25-9031.00,https://altpath.org/discover/st6nppnxyctydm7qt6y1a90u,Instructional Coordinator
51-4035.00,https://altpath.org/discover/hzst6fo4cwv8aa5o3fvza8xa,Metal & Plastic Milling Machine Operator
51-4031.00,https://altpath.org/discover/bg6wwopy9bzac3mr9cp93de5,Metal & Plastic Machine Operator
51-4034.00,https://altpath.org/discover/qelgc2phfqfymvfxkhnra7mj,Metal & Plastic Turning Machine Operator
25-1069.00,https://altpath.org/discover/ntuwd1j6bas72a6hndiczdvr,Postsecondary Social Science Teachers
19-3092.00,https://altpath.org/discover/dup5rsua5717w6y4hyk734kd,Geographer
11-2022.00,https://altpath.org/discover/fu51wdo6mxy2vfatp9gndm59,Sales Manager
51-4052.00,https://altpath.org/discover/dwzkabearzuswz4cxqilfsp0,Metal Caster
51-9196.00,https://altpath.org/discover/eharre39xahqmjej7gbvgwx4,Paper Good Machine Operator
47-5044.00,https://altpath.org/discover/w6spgi0ok35r9uhskeqhebss,Mining Loading Machine Operator
45-4029.00,https://altpath.org/discover/uuhzimneun3rzqd70w5eshdw,Logging Workers
25-1125.00,https://altpath.org/discover/bzonvqirnhbztndszjz5ow76,Postsecondary History Teacher
51-4022.00,https://altpath.org/discover/qc6f9p113bcv6i8u921o8fqe,Metal & Plastic Forging Machine Operator
51-4193.00,https://altpath.org/discover/gxu3yv9tf6i97tm3gpu2sihg,Metal & Plastic Plating Machine Operator
51-2021.00,https://altpath.org/discover/h612xalg6p5zujdgiox83zdr,Coil Worker
29-1031.00,https://altpath.org/discover/rtedk5pbu1wgy3n6zi71e21q,Nutritionist
25-9021.00,https://altpath.org/discover/f5fk2sdw889v7w7bdcmb1k3h,Farm Management Educator
27-1023.00,https://altpath.org/discover/azdev3dkg791ylvbihmmtlbb,Floral Designer
19-3093.00,https://altpath.org/discover/g6vsi36gilw3oyubb5j5dojg,Historian
43-9071.00,https://altpath.org/discover/vlv68j9j5401okudg9kek45m,Office Machine Operator
51-6064.00,https://altpath.org/discover/rg9h11c3qg7q6538w6zw3jtu,Textile Winding Machine Operator
19-1013.00,https://altpath.org/discover/co64e5vm7lw4kz985tp4pevr,Soil and Plant Scientist
53-7063.00,https://altpath.org/discover/x9bqb6mp8a099pv824m4m4qc,Machine Feeder
29-1011.00,https://altpath.org/discover/xkye7eh45edtk0ic9wp3o1d7,Chiropractor
29-9091.00,https://altpath.org/discover/se3qad22owg7wtwl80s3k822,Athletic Trainer
11-9121.00,https://altpath.org/discover/d5piv0r9zmky9h6rykue8y8u,Natural Sciences Manager
29-1071.01,https://altpath.org/discover/dy4j239fjmuavlcmrcrrifei,Anesthesiologist Assistant
13-1041.07,https://altpath.org/discover/emv20146qcwmo2yfyh27m0zk,Regulatory Affairs Specialist
25-4022.00,https://altpath.org/discover/dia0qojugby4frj8pudzle09,Librarian
43-4071.00,https://altpath.org/discover/dr93fibxb1fmfugdxdaa3r8e,File Clerk
19-1023.00,https://altpath.org/discover/vfyvugg96ibfinuw2ei5c81h,Wildlife Biologist
21-1023.00,https://altpath.org/discover/kg95sl1nwlpf3vdxxzlucun0,Mental Health Social Worker
27-1011.00,https://altpath.org/discover/hkvqwxalovihp24vyivrt0gx,Art Director
25-1081.00,https://altpath.org/discover/e5kvxtnd5cshlzptvwdfjhrr,Postsecondary Education Teacher
21-1011.00,https://altpath.org/discover/fejqenn6910gf5sb8fhu0acj,Substance Abuse Counselor
51-6061.00,https://altpath.org/discover/f5dybppsxvbb75a4q7789037,Textile Dyeing Machine Operator
27-1027.00,https://altpath.org/discover/plt5kglunubfbtjla3gn42wi,Set and Exhibit Designer
51-6062.00,https://altpath.org/discover/sbqdyxt993b1l27rodndupql,Textile Cutting Machine Operator
49-9095.00,https://altpath.org/discover/wcyhn7ff482h0x2bcs2u9aj5,Manufactured Building Installer
51-6041.00,https://altpath.org/discover/jrb593r8tfsn6bhbtaqyr6zs,Shoe & Leather Worker
37-1012.00,https://altpath.org/discover/z12oanvylhcsfeii5xjvbmf2,Groundskeeping Worker Supervisor
43-4151.00,https://altpath.org/discover/rkg16kijif5tkswtr7bnfnyb,Order Clerk
11-2033.00,https://altpath.org/discover/yj5gnd6rn8iim3tgscqojh2i,Fundraising Manager
51-4032.00,https://altpath.org/discover/ei9lufc5pe6tswy7eg39b24r,Metal & Plastic Drilling Machine Operator
51-6063.00,https://altpath.org/discover/e8oirj8rehdkj7roddhsei4z,Textile Knitting Machine Operator
13-1041.01,https://altpath.org/discover/w3mwcxc9fwwszftnl94onav5,Environmental Compliance Inspector
13-1199.05,https://altpath.org/discover/ejt5onbygnr35uvpb5ftlp6w,Sustainability Specialist
25-1199.00,https://altpath.org/discover/v374mbh75s3o0z96oeszmkj8,Postsecondary Teachers
47-2161.00,https://altpath.org/discover/a834sq3mk4ue6bil3py6eh71,Plasterer and Stucco Mason
13-1199.07,https://altpath.org/discover/iwtodwp9zlk2ryywbfl526tr,Security Management Specialist
43-9022.00,https://altpath.org/discover/vxh3hzqkinpayub7kntp6jao,Typist
11-3051.06,https://altpath.org/discover/orhvgb75m3zfiqyogw5p5032,Hydroelectric Production Manager
25-2055.00,https://altpath.org/discover/zdeyylfg4g39p0pepfnixtis,Kindergarten Special Education Teacher
11-3051.00,https://altpath.org/discover/qftiga0v0paqrik47toyaubq,Industrial Production Manager
51-6051.00,https://altpath.org/discover/uo4mvht7o27tb4s533331czh,Hand Sewer
29-1291.00,https://altpath.org/discover/p4tcovyot1mehwun08mq0swd,Acupuncturist
35-9021.00,https://altpath.org/discover/aqtf8r2ua09bi4pjuv3tc617,Dishwasher
53-6051.07,https://altpath.org/discover/kwsyxqxddkaknttb8ilqwemk,Transportation Systems Inspector
25-2051.00,https://altpath.org/discover/fx314fcsqvlve0v3zldsh45t,Preschool Special Education Teacher
43-9021.00,https://altpath.org/discover/a6jtjczpo04cfe9dk9afoiyl,Data Entry Keyer
37-3011.00,https://altpath.org/discover/di0pwauj34iy1ru4rz7golb0,Landscaping Worker
31-9099.01,https://altpath.org/discover/yugyvzunsav0fe0rjmsk3hra,Speech Pathology Assistant
37-2012.00,https://altpath.org/discover/id9jemcabmzztjoe17ofuak8,Housekeeping Cleaner
41-9041.00,https://altpath.org/discover/bxupvsurz5ao02srhgg6mcor,Telemarketer
11-9161.00,https://altpath.org/discover/x7pdii1squ0hxni8as0ywrxn,Emergency Management Director
11-9111.00,https://altpath.org/discover/y9jehwe3hbvncp5yzkbcm4o8,Health Services Manager
49-9064.00,https://altpath.org/discover/sk1x49q37mcwmq5ueg3yx4s6,Watch and Clock Repairer
21-1029.00,https://altpath.org/discover/wozd6yh6mgj9uccugorsk69i,Social Workers Other
23-1012.00,https://altpath.org/discover/wh2m67s73u50knoo4spi1lv3,Law Clerk
27-2012.00,https://altpath.org/discover/bl06m8g12rau8rrs99oy75kx,TV or Film Director
47-2043.00,https://altpath.org/discover/sq9p2ta31vkvr0kibu82y2yn,Floor Sander
47-5071.00,https://altpath.org/discover/wn4amtr3act72w3894bbkge6,Oil & Gas Roustabout
19-3039.03,https://altpath.org/discover/lh88fpskcfoio5ql1aw2qb2r,Clinical Neuropsychologist
13-1011.00,https://altpath.org/discover/ccasrs39xb5hnroueaoeso9o,Talent Agent or Business Manager
21-1019.00,https://altpath.org/discover/l7odpmad4aly6md0zqip25rb,Counselors Other
35-9011.00,https://altpath.org/discover/umht1tou989z439z7esftx89,Helper--Food Service
47-5051.00,https://altpath.org/discover/bf2goakqy9wfff585ktyh6op,Quarry Rock Splitter
45-2099.00,https://altpath.org/discover/wb8tvqcm2kp5rua1wlpv479w,Agricultural Workers
25-9044.00,https://altpath.org/discover/jv98jqrhv1fowxbzrfg7brvq,Postsecondary Teaching Assistant
21-2099.00,https://altpath.org/discover/qbsrxvgymxstskfkt23s014g,Religious Worker
21-1013.00,https://altpath.org/discover/mmav7tjcvy39d1l6inz2mzuu,Family Therapist
41-9091.00,https://altpath.org/discover/z8puj5r4jml3v14k9meccvxl,Street Vendor
45-4011.00,https://altpath.org/discover/j5kd1aanse04yvj2r4rbiic7,Forest Worker
11-9151.00,https://altpath.org/discover/tljgedcncw223s8x3io8a4hl,Social Service Manager
11-9072.00,https://altpath.org/discover/czpyt1r97e1efad8tz3ee1ge,Recreation Manager
11-9081.00,https://altpath.org/discover/z3yntgubvai174fn8nuhokeq,Lodging Manager
53-7011.00,https://altpath.org/discover/ifw56fx9jinp83gbbdg9pddz,Conveyor Operator
29-1141.01,https://altpath.org/discover/xszwhld49yh7swe9lhxuabdr,Acute Care Nurse
11-9141.00,https://altpath.org/discover/tsjhn0258zr9ic3ferdscn1z,Property Manager
35-2011.00,https://altpath.org/discover/ml5kn293wc9meeg5sff19g73,Fast Food Cook
45-2041.00,https://altpath.org/discover/p4g6xbx6sdtz0rrqgi732yeb,Agricultural Grader
11-9121.02,https://altpath.org/discover/fdum6mfkupqmga7vlec9uqiu,Water Resource Specialist
11-9179.00,https://altpath.org/discover/b548qszoxxrw0ulrdyltpwdz,Personal Service Manager
39-1013.00,https://altpath.org/discover/u2dw7s8zsunewb3uqhfh3yjp,Gambling Worker Supervisor
21-2021.00,https://altpath.org/discover/uqf0n1mn3k9yktcg1mwtej6p,Religious Activities Director
51-6021.00,https://altpath.org/discover/i0gn62ttgie74f32gf3bin8y,Textile Presser
51-6031.00,https://altpath.org/discover/gzd1im1uje7s4egrznn1vsbm,Sewing Machine Operator
51-9022.00,https://altpath.org/discover/mwm3yl9yv2l507037uges7fo,Hand Grinding Worker
39-1014.00,https://altpath.org/discover/rs48k2pg4kwy1viyc36pl9n4,Recreation Worker Supervisor
33-3021.02,https://altpath.org/discover/ptmnhpwi1n5b0ygfhfsl7wj5,Police Records Officer
41-1011.00,https://altpath.org/discover/n43aih8bi4n68rl99pz0zd5b,Retail Sales Supervisor
51-9031.00,https://altpath.org/discover/qllx4ysl3gxmfztk8hmsf5wr,Hand Trimmer
11-3031.01,https://altpath.org/discover/u1gphmbad0mz4o88xsq099ac,Controller
11-9199.11,https://altpath.org/discover/rbp1mdtqa4cbtekpe5f83qac,Redevelopment Specialist
51-8013.04,https://altpath.org/discover/e3oan1e2i5lbm4qvifb632oi,Hydroelectric Plant Technician
47-4011.01,https://altpath.org/discover/dwyixxf8n8nbltxgojdrll3m,Energy Auditor
29-1229.06,https://altpath.org/discover/gyjpq7cszs8kitadhwt02ihp,Sports Medicine Physician
29-1229.04,https://altpath.org/discover/y0qtj1rxyxiw2a5qymysl2xk,Rehabilitation Physician
29-1229.03,https://altpath.org/discover/td78xr605bqxw82jv4gaa42j,Urologist
15-2099.01,https://altpath.org/discover/szd2xvhrlljmyvn1wompp5qn,Bioinformatics Technician
13-1041.06,https://altpath.org/discover/onp0f1unyowmpcodxm0jhi8k,Coroner
19-4051.02,https://altpath.org/discover/unom07mp1yfu0usios9yj24u,Nuclear Monitoring Technician
17-3024.01,https://altpath.org/discover/w24qcanzl1k6qx7l46l795t6,Robotics Technician
17-3029.08,https://altpath.org/discover/de70q0tzg3ytym4partbdntf,Photonics Technician
17-2072.01,https://altpath.org/discover/e33r6bjj88twmb20j4jnibau,RFID Specialist
53-6051.01,https://altpath.org/discover/jr63sdf4bxg0phv8y8spd6wb,Aviation Inspector
13-1022.00,https://altpath.org/discover/y1tp6t65m8awequ2wjv4cjoh,Wholesale Buyer
51-2061.00,https://altpath.org/discover/vaw09etc4plttqklu5jnngz9,Timing Device Assembler
49-9045.00,https://altpath.org/discover/vkp2qdlx10aayu336a9tvnpc,Refractory Materials Repairer
29-2012.01,https://altpath.org/discover/fw7mzlsvtoqrvi4blaf3xafm,Histology Technician
47-2152.04,https://altpath.org/discover/m8ktdyxihb72vgme3bmsn1bx,Solar Thermal Technician
17-2199.08,https://altpath.org/discover/woo50l6t91eg6esyojspbutw,Robotics Engineer
17-3026.01,https://altpath.org/discover/yjflyniqqa0cprds3sj3ygq2,Nanotechnology Engineering Technologist
17-2199.03,https://altpath.org/discover/zos98r6nime59t67d8kf9eas,Energy Engineer
17-2199.11,https://altpath.org/discover/qmd5flrk0b93bz44uuxcft2k,Solar Energy Systems Engineer
15-1255.01,https://altpath.org/discover/t4ar3thve88v9cayq0xnmfxq,Video Game Designer
15-1211.01,https://altpath.org/discover/czwfei97i2r4p6xvqh2u7yai,Health Informatics Specialist
15-1299.01,https://altpath.org/discover/k37ds261j9ql8msl9bjsldz2,Web Administrator
15-1299.08,https://altpath.org/discover/twpa8yfnhzkz10je3qhfrtm4,Computer Systems Architect
15-1299.03,https://altpath.org/discover/cbpi9lekind4b6aodxzokjzb,Document Management Specialist
51-9071.06,https://altpath.org/discover/qdmj3l4e693gueqxf1agmwny,Gem and Diamond Worker
11-9199.09,https://altpath.org/discover/xy527m944pwh2y0du4v73mq4,Wind Energy Operations Manager
33-3021.06,https://altpath.org/discover/cupjnurab0u365yw9o940hl7,Intelligence Analyst
17-2112.03,https://altpath.org/discover/duke9oknxd4uhomrasanqh5a,Manufacturing Engineer
45-4021.00,https://altpath.org/discover/qcq79ivnt4uypr6awjmtq3vu,Faller
29-2011.01,https://altpath.org/discover/nosulmgs82osm8bexcmf8e5f,Cytogenetic Technologist
39-7011.00,https://altpath.org/discover/uqpklb78abhruj9mbp5ueojy,Tour Guides and Escort
17-1022.01,https://altpath.org/discover/xjfqfbixpy97o4i9xxxkdpsm,Geodetic Surveyor
19-3099.01,https://altpath.org/discover/egnfz5osx5d0fbunbbe43s74,Transportation Planner
45-3031.00,https://altpath.org/discover/qict1iifihk8qozs0jgyhwjk,Fishing Worker
13-1081.02,https://altpath.org/discover/yn7gpnd8963veuphlz2tzgms,Logistics Analyst
13-1023.00,https://altpath.org/discover/b2htbo1rdvigwk069554byn2,Purchasing Agent
13-1041.03,https://altpath.org/discover/x7o1e515advdot5xrly29fce,Equal Opportunity Officer
13-1199.06,https://altpath.org/discover/fp99wtqvlzk4qt1kbxln94a1,Online Merchant
13-1199.04,https://altpath.org/discover/ldc6mfbuoi4lu28lk3gi8exv,Business Continuity Planner
11-3051.02,https://altpath.org/discover/e18zhx25ufkstix9w4tbsh4h,Geothermal Production Manager
13-1161.01,https://altpath.org/discover/x08txhnqeksl7ib2u2vpqii7,Search Marketing Strategist
19-1031.03,https://altpath.org/discover/gt5crs7d4024igk7pkfip8ar,Park Naturalist
17-3029.01,https://altpath.org/discover/uc6g8guivy7stp2lisltnfu7,Non-Destructive Testing Specialist
13-2099.04,https://altpath.org/discover/vfk8z42pr9go0sgsxv99kiuk,Fraud Investigator
13-2023.00,https://altpath.org/discover/fgj60zxv3jl8q6jrc3f2l3ww,Real Estate Appraiser
19-4099.03,https://altpath.org/discover/wufshov52b2ehh6fm06rxbbd,Remote Sensing Technician
47-4099.03,https://altpath.org/discover/gtrk3cxsmd2cgv04qg3q0e92,Weatherization Installer
11-9041.01,https://altpath.org/discover/x4gub6ytzftgcmvmjffjozhr,Biofuels Technology Manager
19-2099.01,https://altpath.org/discover/e1x3p77wbvjdijaflxmjsa21,Remote Sensing Scientist
15-2041.01,https://altpath.org/discover/ye85k2mpxymn6eipr52mp6fq,Biostatistician
29-1129.02,https://altpath.org/discover/fqqbl01q10l4bhxr8u9ptc8c,Music Therapist
19-3039.02,https://altpath.org/discover/n8ka7uqjrclhmokvpdhwiuto,Neuropsychologist
51-8099.01,https://altpath.org/discover/qr6sug1gsg40w0kxek9yj6rl,Biofuels Processing Technician
11-9179.01,https://altpath.org/discover/ngm80fgivhppbpbk7b7420xn,Fitness & Wellness Coordinator
17-2141.01,https://altpath.org/discover/afx0z6hdpoumiul9f854dtgs,Fuel Cell Engineer
29-1141.04,https://altpath.org/discover/knnitn88ebuohaqa4goj2wec,Clinical Nurse Specialist
43-5011.01,https://altpath.org/discover/u5apvkm9092nwk22bo869fx0,Freight Forwarder
11-9199.02,https://altpath.org/discover/myy1q318z8ycodq11o26n3ic,Compliance Manager
29-1122.01,https://altpath.org/discover/ipidj2ker1very72fol9ph6v,Vision Therapist
47-1011.03,https://altpath.org/discover/u48lqwxso5mwozao465oq1hc,Solar Energy Installation Manager
17-2112.01,https://altpath.org/discover/de1keqwwvvoov2ipyzg2ud0n,Human Factors Engineer
11-1011.03,https://altpath.org/discover/n2oh2q94jajxcgq142gihwl0,Chief Sustainability Officer
53-7062.04,https://altpath.org/discover/um05wc9fjydvx0hookykjjuh,Recycling Worker
29-1299.01,https://altpath.org/discover/olgpbetfmcyxdqo5v9xyg228,Naturopathic Physician
29-1299.02,https://altpath.org/discover/u5tldgevjk1ptywdmh173qf7,Orthoptist
29-2011.02,https://altpath.org/discover/kvcpy70fbhevgcnaxp217iwf,Cytotechnologist
19-1029.01,https://altpath.org/discover/bvauc8zrsdwzu10s1zrfj3vn,Bioinformatics Scientist
19-1029.02,https://altpath.org/discover/d0dpb4x1d34tr2b3d4jbpm6i,Molecular Biologist
19-1029.04,https://altpath.org/discover/iat2exx9d55lrqoealbiwiqh,Biologist
19-1029.03,https://altpath.org/discover/kbvmdcx76hvkxktymow7hl98,Geneticist
51-2023.00,https://altpath.org/discover/k8xh1tt2iv2rqbqjl571kwnh,Electromechanical Equipment Assembler
39-9011.01,https://altpath.org/discover/s42xjbdcxo60btj31ns1od10,Nanny
33-9099.02,https://altpath.org/discover/ery5735hz8ph06gwwqn21c3u,Retail Loss Prevention Specialist
51-2092.00,https://altpath.org/discover/fxy96ulgu58sskcknh2k42va,Team Assembler
19-3011.01,https://altpath.org/discover/fwm7n25w21w04jno7gjbp8fa,Environmental Economist
31-1122.00,https://altpath.org/discover/kqwdxsfgulwszc5rudt6nfd5,Personal Care Aide
19-2041.02,https://altpath.org/discover/s3jyrfwoijyaek62tag95jzf,Environmental Restoration Planner
29-1141.02,https://altpath.org/discover/fccfd6k30n3ttcr9akzhbiew,Psychiatric Nurse
53-1042.01,https://altpath.org/discover/aj7v1oboxa01fryjaeup9ghd,Recycling Coordinator
17-2199.09,https://altpath.org/discover/vldyob6jatjivwu6olyr29xc,Nanosystems Engineer
17-2199.06,https://altpath.org/discover/akkgs5ho3nqf5sk60jeegnfm,Microsystems Engineer
19-2041.03,https://altpath.org/discover/o3b1jc0us1s17oai4m9qz5c7,Industrial Ecologist
19-2041.01,https://altpath.org/discover/ctolawj3fp9l7p0hbbf9bzju,Climate Change Policy Analyst
25-2059.01,https://altpath.org/discover/nnpmf9c12zb1bpeg62b7doed,Physical Education Specialist
11-9179.02,https://altpath.org/discover/gtyh6gmaxdrt0zewee7mt68q,Spa Manager
11-9199.10,https://altpath.org/discover/mgno0m8ror0hjfrrt4sahk26,Wind Energy Development Manager
11-9199.08,https://altpath.org/discover/bnb8pmnlhq1wm715s0fna2ab,Loss Prevention Manager
11-9199.01,https://altpath.org/discover/w1j1xsk32w32a45sck3gupst,Regulatory Affairs Manager
47-4091.00,https://altpath.org/discover/rt77udo1j945x1kyre09zba4,Segmental Paver
15-2051.02,https://altpath.org/discover/p9k5h7txbms5nziap3v8geyk,Clinical Data Manager
53-1044.00,https://altpath.org/discover/nsdynxl1ur5xhf1g8pcgdu4v,Passenger Attendant Supervisor
11-3051.04,https://altpath.org/discover/kk0887mg6ss46fxl18qm7rxh,Biomass Power Plant Manager
11-3051.03,https://altpath.org/discover/xix1c14sooeevi5eazmjd6i6,Biofuels Production Manager
51-9195.03,https://altpath.org/discover/cu7b1bypj5rd6pvsoaa30boy,Stone Cutter
51-9195.04,https://altpath.org/discover/k7mduz43zy0ojpebyw1qpgo2,Glass Blower
11-3051.01,https://altpath.org/discover/ycmpw6p7bza1flk2ep3tnojr,Quality Control Systems Manager
49-9099.01,https://altpath.org/discover/qgm4riyjat2w8nj0s1f4cmd6,Geothermal Technician
19-4012.01,https://altpath.org/discover/muwv6kev7u03hf0882cx8eq3,Precision Agriculture Technician
13-2099.01,https://altpath.org/discover/xeu41ja87odemdmolqejy9bu,Financial Quantitative Analyst
29-1129.01,https://altpath.org/discover/k2piuv3zdkj22fydce0vd5yg,Art Therapist
15-1299.09,https://altpath.org/discover/hvs43udoprcx3vvfld6da406,IT Project Manager
29-9099.01,https://altpath.org/discover/q0gimaj7tqp2kgeiyl620tno,Midwife
11-3013.01,https://altpath.org/discover/n7w33it44at6b9oov2ehbdvj,Security Manager
27-2012.05,https://altpath.org/discover/tc9rt91w0cvnsowb5iixd9fj,Media Director or Manager
27-2012.04,https://altpath.org/discover/iahyamtclb4rwzsvrdbv6bn8,Talent Director
27-2012.03,https://altpath.org/discover/vbsuuobfzc64lfvmr5hwosrb,Media Programming Director
11-3071.04,https://altpath.org/discover/q4eraegoldok2nkj2mvcbj78,Supply Chain Manager
11-3031.03,https://altpath.org/discover/tyz3oluny3s880wl5vfcdmev,Investment Fund Manager
21-1014.00,https://altpath.org/discover/dvdzpjr9z1forsiftwdb6d00,Mental Health Counselor
35-3023.01,https://altpath.org/discover/vx3mw6by5thxvj0v31ll3ho1,Barista
53-1043.00,https://altpath.org/discover/exgfrq9udmmp0mz4w9xiac6b,Vehicle Operator Supervisor
53-1042.00,https://altpath.org/discover/fpvsh8wd9ktfpk4k8ct84ow8,Hand Laborer Supervisor
19-1031.02,https://altpath.org/discover/r74b9yjlaxtfsm2mkstopp8j,Range Manager
